booking_id,worker_id,customer_id,category,user_zone,budget,status,created_at,customer_name,customer_phone,customer_email
1,503,212,Carpentry,Faridabad,1881,completed,2026-08-04T13:32:34.373892+00:00,Ankit Kapoor,+919848242279,customer212@kaushalkonnect.in
2,195,20,Electrical,Noida,1968,cancelled,2026-06-15T01:25:04.373892+00:00,Gaurav Kohli,+918577594617,customer20@kaushalkonnect.in
3,233,391,Electrical,Ghaziabad,1203,booked,2026-08-11T08:24:37.373892+00:00,Naman Saini,+916839704304,customer391@kaushalkonnect.in
4,574,124,Appliance Repair,Delhi,700,booked,2026-07-31T00:13:43.373892+00:00,Pradeep Kumar,+919616875067,customer124@kaushalkonnect.in
5,59,158,Carpentry,Delhi,2711,booked,2026-07-12T06:07:44.373892+00:00,Dev Kohli,+918147078140,customer158@kaushalkonnect.in
6,28,94,Painting,Gurugram,1855,requested,2026-06-27T05:56:23.373892+00:00,Riya Bhatia,+918371850287,customer94@kaushalkonnect.in
7,341,276,Appliance Repair,Gurugram,1904,completed,2026-07-04T11:20:26.373892+00:00,Akash Bhatia,+919940142845,customer276@kaushalkonnect.in
8,360,529,Electrical,Delhi,1268,requested,2026-08-12T05:46:50.373892+00:00,Yogesh Patel,+917198023595,customer529@kaushalkonnect.in
9,998,155,Carpentry,Noida,1268,completed,2026-08-10T06:14:39.373892+00:00,Vikas Kapoor,+919709905403,customer155@kaushalkonnect.in
10,303,596,Carpentry,Ghaziabad,1612,requested,2026-07-01T22:15:52.373892+00:00,Siddharth Malhotra,+919932783376,customer596@kaushalkonnect.in
11,611,118,Plumbing,Delhi,1488,requested,2026-07-14T18:45:29.373892+00:00,Akash Ali,+918904630230,customer118@kaushalkonnect.in
12,764,446,Painting,Ghaziabad,2185,requested,2026-08-16T01:33:37.373892+00:00,Pankaj Jain,+917248509690,customer446@kaushalkonnect.in
13,347,23,Painting,Gurugram,1254,booked,2026-08-17T14:10:49.373892+00:00,Rakesh Gupta,+919760482428,customer23@kaushalkonnect.in
14,623,546,Electrical,Faridabad,1114,requested,2026-08-18T22:40:42.373892+00:00,Nisha Chauhan,+916420303116,customer546@kaushalkonnect.in
15,74,355,Plumbing,Delhi,1707,booked,2026-07-26T03:55:45.373892+00:00,Rahul Saini,+919852992624,customer355@kaushalkonnect.in
16,609,291,Painting,Noida,1912,completed,2026-07-19T06:36:28.373892+00:00,Arnav Khanna,+919996736147,customer291@kaushalkonnect.in
17,493,35,Painting,Gurugram,1306,booked,2026-07-07T07:18:15.373892+00:00,Nisha Mehta,+916462424676,customer35@kaushalkonnect.in
18,279,374,Home Cleaning,Delhi,1030,completed,2026-06-14T17:49:49.373892+00:00,Ashish Gupta,+917864797442,customer374@kaushalkonnect.in
19,42,369,Plumbing,Noida,1273,booked,2026-06-29T09:47:38.373892+00:00,Deepak Chaudhary,+916582556457,customer369@kaushalkonnect.in
20,292,510,Plumbing,Delhi,643,completed,2026-08-03T04:26:13.373892+00:00,Kunal Thakur,+919035491382,customer510@kaushalkonnect.in
21,662,509,Painting,Delhi,1468,completed,2026-06-20T12:52:20.373892+00:00,Sanjay Kohli,+917342320635,customer509@kaushalkonnect.in
22,952,90,Plumbing,Gurugram,1842,cancelled,2026-08-29T00:08:27.373892+00:00,Ayush Srivastava,+917310982232,customer90@kaushalkonnect.in
23,398,359,Painting,Noida,1243,completed,2026-09-07T07:26:17.373892+00:00,Naman Thakur,+918857452602,customer359@kaushalkonnect.in
24,192,538,Painting,Noida,1715,completed,2026-06-20T20:55:32.373892+00:00,Aditi Mehta,+919656455324,customer538@kaushalkonnect.in
25,96,287,Plumbing,Noida,1693,cancelled,2026-06-14T13:53:23.373892+00:00,Ankit Kumar,+919225150759,customer287@kaushalkonnect.in
26,418,432,Plumbing,Gurugram,864,cancelled,2026-08-15T16:59:14.373892+00:00,Ankit Rana,+917830061145,customer432@kaushalkonnect.in
27,719,378,Appliance Repair,Ghaziabad,2010,booked,2026-07-15T21:09:16.373892+00:00,Pankaj Agarwal,+919909957616,customer378@kaushalkonnect.in
28,755,534,Home Cleaning,Delhi,500,completed,2026-09-03T13:27:56.373892+00:00,Riya Ghosh,+916843725341,customer534@kaushalkonnect.in
29,306,303,Appliance Repair,Noida,2158,booked,2026-08-08T09:52:23.373892+00:00,Aman Menon,+918072606082,customer303@kaushalkonnect.in
30,40,436,Electrical,Gurugram,1234,completed,2026-06-14T01:43:26.373892+00:00,Dev Sheikh,+918057241978,customer436@kaushalkonnect.in
31,947,587,Painting,Delhi,1367,completed,2026-06-26T09:07:49.373892+00:00,Vivek Negi,+916220439054,customer587@kaushalkonnect.in
32,744,50,Plumbing,Greater Noida,1535,cancelled,2026-08-31T07:28:25.373892+00:00,Rahul Reddy,+917484432800,customer50@kaushalkonnect.in
33,843,416,Electrical,Gurugram,2105,booked,2026-06-22T08:00:52.373892+00:00,Karan Naidu,+919385092003,customer416@kaushalkonnect.in
34,828,195,Painting,Gurugram,1062,requested,2026-07-18T04:25:20.373892+00:00,Shreya Rawat,+916696460283,customer195@kaushalkonnect.in
35,375,156,Carpentry,Noida,1954,requested,2026-07-31T18:55:42.373892+00:00,Nikhil Yadav,+916619727559,customer156@kaushalkonnect.in
36,552,420,Carpentry,Ghaziabad,800,requested,2026-06-19T15:45:05.373892+00:00,Priya Bansal,+919319986427,customer420@kaushalkonnect.in
37,498,407,Appliance Repair,Delhi,2524,booked,2026-08-16T01:26:09.373892+00:00,Manish Khanna,+918156136285,customer407@kaushalkonnect.in
38,71,412,Appliance Repair,Ghaziabad,1488,cancelled,2026-07-25T10:14:28.373892+00:00,Priya Tiwari,+918533674697,customer412@kaushalkonnect.in
39,438,136,Carpentry,Delhi,2028,completed,2026-06-24T08:30:07.373892+00:00,Shreya Roy,+916828537068,customer136@kaushalkonnect.in
40,181,547,Painting,Greater Noida,800,booked,2026-07-09T15:22:24.373892+00:00,Naman Bhatia,+916004513153,customer547@kaushalkonnect.in
41,385,462,Home Cleaning,Faridabad,608,booked,2026-07-06T20:37:01.373892+00:00,Riya Mehta,+918711053674,customer462@kaushalkonnect.in
42,263,598,Home Cleaning,Ghaziabad,1449,booked,2026-06-16T10:31:23.373892+00:00,Amit Pandey,+917674395570,customer598@kaushalkonnect.in
43,485,530,Painting,Gurugram,1832,completed,2026-08-24T07:50:55.373892+00:00,Rahul Patel,+918088665239,customer530@kaushalkonnect.in
44,482,513,Electrical,Noida,1765,completed,2026-08-17T06:51:29.373892+00:00,Yogesh Arora,+917492716523,customer513@kaushalkonnect.in
45,776,435,Painting,Delhi,2324,completed,2026-08-23T23:50:02.373892+00:00,Shreya Negi,+917096878396,customer435@kaushalkonnect.in
46,8,488,Plumbing,Gurugram,1469,requested,2026-08-21T17:20:44.373892+00:00,Arnav Dutta,+919916208629,customer488@kaushalkonnect.in
47,559,568,Painting,Delhi,1942,booked,2026-08-17T15:19:07.373892+00:00,Pankaj Kohli,+917717004368,customer568@kaushalkonnect.in
48,508,157,Appliance Repair,Ghaziabad,1636,requested,2026-09-09T08:31:40.373892+00:00,Aman Tripathi,+917631773114,customer157@kaushalkonnect.in
49,262,400,Electrical,Noida,1182,requested,2026-08-20T06:49:13.373892+00:00,Vikram Bisht,+917609251836,customer400@kaushalkonnect.in
50,766,565,Appliance Repair,Greater Noida,1548,booked,2026-08-07T15:58:05.373892+00:00,Deepika Bansal,+919147617740,customer565@kaushalkonnect.in
51,196,533,Carpentry,Delhi,3328,booked,2026-06-24T02:43:17.373892+00:00,Suraj Bansal,+919560858267,customer533@kaushalkonnect.in
52,627,483,Appliance Repair,Noida,3529,booked,2026-06-20T06:14:04.373892+00:00,Yash Thakur,+917226026852,customer483@kaushalkonnect.in
53,576,500,Plumbing,Faridabad,1579,completed,2026-08-31T21:46:29.373892+00:00,Rohit Das,+919484665303,customer500@kaushalkonnect.in
54,205,35,Appliance Repair,Gurugram,2481,booked,2026-08-29T07:11:21.373892+00:00,Nisha Mehta,+916462424676,customer35@kaushalkonnect.in
55,236,291,Electrical,Noida,1858,completed,2026-08-11T16:17:49.373892+00:00,Arnav Khanna,+919996736147,customer291@kaushalkonnect.in
56,316,394,Home Cleaning,Greater Noida,530,booked,2026-09-01T11:49:03.373892+00:00,Anil Thakur,+917551313085,customer394@kaushalkonnect.in
57,75,284,Painting,Noida,1428,booked,2026-08-25T02:08:17.373892+00:00,Nisha Negi,+916918387884,customer284@kaushalkonnect.in
58,592,189,Electrical,Greater Noida,1386,requested,2026-08-23T20:10:15.373892+00:00,Mohit Roy,+918455755597,customer189@kaushalkonnect.in
59,136,568,Plumbing,Delhi,765,rejected,2026-06-20T15:43:20.373892+00:00,Pankaj Kohli,+917717004368,customer568@kaushalkonnect.in
60,309,258,Electrical,Delhi,2448,booked,2026-08-08T17:29:23.373892+00:00,Yogesh Bhatia,+917616038852,customer258@kaushalkonnect.in
61,882,10,Home Cleaning,Faridabad,828,requested,2026-06-13T19:13:05.373892+00:00,Nisha Saxena,+917657347670,customer10@kaushalkonnect.in
62,329,42,Carpentry,Noida,947,booked,2026-08-13T23:48:01.373892+00:00,Ananya Verma,+917337246396,customer42@kaushalkonnect.in
63,537,90,Painting,Gurugram,1875,requested,2026-07-12T22:10:43.373892+00:00,Ayush Srivastava,+917310982232,customer90@kaushalkonnect.in
64,620,565,Carpentry,Greater Noida,1196,requested,2026-07-21T08:19:21.373892+00:00,Deepika Bansal,+919147617740,customer565@kaushalkonnect.in
65,349,227,Home Cleaning,Delhi,1422,completed,2026-07-22T10:24:13.373892+00:00,Yogesh Qureshi,+917658406263,customer227@kaushalkonnect.in
66,676,517,Electrical,Noida,1639,booked,2026-08-03T17:08:45.373892+00:00,Aman Agarwal,+916999487864,customer517@kaushalkonnect.in
67,526,61,Plumbing,Delhi,1382,requested,2026-09-02T20:38:19.373892+00:00,Pankaj Naidu,+916054810928,customer61@kaushalkonnect.in
68,457,433,Carpentry,Gurugram,2143,booked,2026-07-23T03:50:34.373892+00:00,Nikhil Iyer,+916644128695,customer433@kaushalkonnect.in
69,123,227,Home Cleaning,Delhi,948,rejected,2026-08-15T21:29:49.373892+00:00,Yogesh Qureshi,+917658406263,customer227@kaushalkonnect.in
70,665,245,Appliance Repair,Ghaziabad,976,booked,2026-07-13T02:20:35.373892+00:00,Rohit Sood,+917726232735,customer245@kaushalkonnect.in
71,315,223,Carpentry,Ghaziabad,2202,booked,2026-08-14T06:27:15.373892+00:00,Dev Pandey,+917594328495,customer223@kaushalkonnect.in
72,772,498,Appliance Repair,Delhi,1112,booked,2026-09-07T18:17:28.373892+00:00,Shreya Thakur,+918616624771,customer498@kaushalkonnect.in
73,606,379,Appliance Repair,Noida,1693,requested,2026-06-27T02:03:04.373892+00:00,Vikram Tiwari,+919979181543,customer379@kaushalkonnect.in
74,80,216,Electrical,Noida,2183,rejected,2026-06-23T00:17:13.373892+00:00,Mohit Rao,+918547854797,customer216@kaushalkonnect.in
75,105,427,Carpentry,Gurugram,1676,booked,2026-07-22T03:03:26.373892+00:00,Aditi Kumar,+917161978607,customer427@kaushalkonnect.in
76,732,370,Appliance Repair,Delhi,1672,completed,2026-08-04T10:24:05.373892+00:00,Pradeep Bisht,+916369601399,customer370@kaushalkonnect.in
77,197,493,Painting,Delhi,2096,booked,2026-08-19T15:02:37.373892+00:00,Yash Arora,+916388656173,customer493@kaushalkonnect.in
78,519,555,Electrical,Gurugram,1531,completed,2026-06-28T00:47:30.373892+00:00,Ravi Kohli,+917274431723,customer555@kaushalkonnect.in
79,634,242,Plumbing,Noida,1542,requested,2026-07-21T10:49:08.373892+00:00,Vinay Saini,+917819926899,customer242@kaushalkonnect.in
80,540,23,Painting,Gurugram,1634,booked,2026-08-31T20:33:46.373892+00:00,Rakesh Gupta,+919760482428,customer23@kaushalkonnect.in
81,867,115,Carpentry,Delhi,1198,completed,2026-08-29T12:15:40.373892+00:00,Pooja Thakur,+918947492431,customer115@kaushalkonnect.in
82,461,109,Electrical,Gurugram,1158,rejected,2026-07-16T04:28:13.373892+00:00,Ravi Wadhwa,+916211465544,customer109@kaushalkonnect.in
83,803,485,Painting,Gurugram,1200,cancelled,2026-08-10T02:51:45.373892+00:00,Ravi Ansari,+917796008813,customer485@kaushalkonnect.in
84,782,204,Plumbing,Delhi,869,cancelled,2026-07-22T04:37:47.373892+00:00,Rakesh Mishra,+918137619980,customer204@kaushalkonnect.in
85,37,58,Painting,Gurugram,1495,requested,2026-06-22T19:02:08.373892+00:00,Akash Nair,+918534399892,customer58@kaushalkonnect.in
86,176,340,Appliance Repair,Ghaziabad,3413,requested,2026-08-24T14:54:42.373892+00:00,Aarav Sood,+916897254814,customer340@kaushalkonnect.in
87,642,15,Painting,Delhi,1134,completed,2026-07-28T02:01:10.373892+00:00,Simran Tiwari,+918397341987,customer15@kaushalkonnect.in
88,248,233,Painting,Delhi,2510,booked,2026-08-25T20:50:55.373892+00:00,Arnav Ansari,+917807762986,customer233@kaushalkonnect.in
89,952,468,Plumbing,Ghaziabad,1535,booked,2026-06-30T07:36:08.373892+00:00,Karan Khanna,+916112379420,customer468@kaushalkonnect.in
90,688,286,Plumbing,Faridabad,1295,booked,2026-08-09T08:40:03.373892+00:00,Nisha Pandey,+916412262891,customer286@kaushalkonnect.in
91,192,191,Painting,Faridabad,1938,completed,2026-07-22T02:39:17.373892+00:00,Bhavna Roy,+919797236280,customer191@kaushalkonnect.in
92,200,537,Appliance Repair,Delhi,1605,completed,2026-06-15T14:03:26.373892+00:00,Karan Kohli,+919415864604,customer537@kaushalkonnect.in
93,808,512,Painting,Gurugram,2505,completed,2026-09-05T09:47:59.373892+00:00,Deepika Sharma,+918428667947,customer512@kaushalkonnect.in
94,740,263,Plumbing,Greater Noida,1028,booked,2026-08-14T06:53:19.373892+00:00,Anjali Ali,+919195555492,customer263@kaushalkonnect.in
95,779,191,Plumbing,Faridabad,1505,requested,2026-07-13T22:12:01.373892+00:00,Bhavna Roy,+919797236280,customer191@kaushalkonnect.in
96,942,459,Appliance Repair,Ghaziabad,1351,requested,2026-08-10T05:58:44.373892+00:00,Kunal Kohli,+916675992343,customer459@kaushalkonnect.in
97,715,18,Plumbing,Noida,1849,requested,2026-08-24T07:03:58.373892+00:00,Akash Khan,+916865191049,customer18@kaushalkonnect.in
98,739,430,Electrical,Gurugram,1484,cancelled,2026-06-23T17:03:28.373892+00:00,Divya Sood,+916345412247,customer430@kaushalkonnect.in
99,785,301,Carpentry,Noida,2854,booked,2026-06-30T03:58:47.373892+00:00,Karan Thakur,+918510196144,customer301@kaushalkonnect.in
100,190,97,Electrical,Delhi,2224,requested,2026-09-07T05:56:01.373892+00:00,Kavita Kohli,+917223748296,customer97@kaushalkonnect.in
101,351,116,Carpentry,Delhi,2395,booked,2026-08-01T12:41:26.373892+00:00,Vivek Sheikh,+919824113525,customer116@kaushalkonnect.in
102,823,492,Electrical,Ghaziabad,1454,requested,2026-08-02T07:59:58.373892+00:00,Gaurav Bhatia,+917320219419,customer492@kaushalkonnect.in
103,370,52,Plumbing,Noida,1134,requested,2026-07-04T05:43:23.373892+00:00,Meera Ghosh,+919924454531,customer52@kaushalkonnect.in
104,476,337,Appliance Repair,Gurugram,1670,requested,2026-08-17T17:28:18.373892+00:00,Sachin Shah,+918827315015,customer337@kaushalkonnect.in
105,338,405,Plumbing,Faridabad,848,booked,2026-06-18T03:59:48.373892+00:00,Yash Sheikh,+918589600690,customer405@kaushalkonnect.in
106,765,65,Home Cleaning,Delhi,828,completed,2026-08-13T10:06:38.373892+00:00,Rakesh Roy,+917561974383,customer65@kaushalkonnect.in
107,581,72,Electrical,Faridabad,1576,completed,2026-06-17T06:23:24.373892+00:00,Manish Agarwal,+919613270572,customer72@kaushalkonnect.in
108,627,542,Appliance Repair,Ghaziabad,3760,booked,2026-08-28T03:24:20.373892+00:00,Suman Kohli,+919228918772,customer542@kaushalkonnect.in
109,73,35,Electrical,Gurugram,1775,completed,2026-08-28T06:48:04.373892+00:00,Nisha Mehta,+916462424676,customer35@kaushalkonnect.in
110,177,132,Appliance Repair,Ghaziabad,1778,booked,2026-06-30T00:14:21.373892+00:00,Yash Kohli,+919102622246,customer132@kaushalkonnect.in
111,805,488,Painting,Gurugram,932,completed,2026-09-08T23:56:48.373892+00:00,Arnav Dutta,+919916208629,customer488@kaushalkonnect.in
112,612,1,Plumbing,Gurugram,1564,completed,2026-06-20T09:06:49.373892+00:00,Simran Srivastava,+916082754432,customer1@kaushalkonnect.in
113,450,522,Home Cleaning,Greater Noida,677,booked,2026-07-05T14:53:29.373892+00:00,Sonam Chaudhary,+918771796443,customer522@kaushalkonnect.in
114,825,471,Home Cleaning,Delhi,500,completed,2026-06-23T04:20:05.373892+00:00,Aditi Qureshi,+916396817467,customer471@kaushalkonnect.in
115,41,317,Home Cleaning,Gurugram,500,cancelled,2026-08-17T22:56:26.373892+00:00,Vivek Patel,+917140868405,customer317@kaushalkonnect.in
116,794,302,Appliance Repair,Greater Noida,2286,booked,2026-08-29T18:33:25.373892+00:00,Yogesh Khanna,+916508934349,customer302@kaushalkonnect.in
117,286,180,Plumbing,Delhi,1766,booked,2026-08-08T08:40:42.373892+00:00,Neeraj Nair,+916307210996,customer180@kaushalkonnect.in
118,400,307,Painting,Gurugram,1258,completed,2026-07-29T17:07:15.373892+00:00,Ayush Sharma,+917471001363,customer307@kaushalkonnect.in
119,554,171,Carpentry,Greater Noida,2835,booked,2026-06-14T12:19:18.373892+00:00,Deepika Patel,+917590139016,customer171@kaushalkonnect.in
120,396,491,Appliance Repair,Greater Noida,1233,booked,2026-08-19T16:12:50.373892+00:00,Aarav Menon,+918453655982,customer491@kaushalkonnect.in
121,18,194,Carpentry,Ghaziabad,1620,booked,2026-06-15T07:52:21.373892+00:00,Sakshi Sharma,+917869681591,customer194@kaushalkonnect.in
122,705,222,Carpentry,Delhi,1852,cancelled,2026-07-04T01:41:03.373892+00:00,Siddharth Pandey,+916457296056,customer222@kaushalkonnect.in
123,690,570,Plumbing,Gurugram,1181,booked,2026-06-19T04:37:10.373892+00:00,Naman Das,+918558291200,customer570@kaushalkonnect.in
124,40,367,Electrical,Delhi,1575,booked,2026-08-05T19:02:19.373892+00:00,Sakshi Bhatia,+918332093858,customer367@kaushalkonnect.in
125,970,452,Painting,Delhi,1321,completed,2026-08-26T07:34:58.373892+00:00,Suraj Malhotra,+916400492888,customer452@kaushalkonnect.in
126,830,15,Electrical,Delhi,928,booked,2026-07-31T08:48:02.373892+00:00,Simran Tiwari,+918397341987,customer15@kaushalkonnect.in
127,287,572,Appliance Repair,Delhi,1856,cancelled,2026-08-16T00:31:14.373892+00:00,Arnav Menon,+916729581437,customer572@kaushalkonnect.in
128,184,271,Painting,Delhi,1511,requested,2026-07-05T04:25:29.373892+00:00,Nisha Das,+917283710874,customer271@kaushalkonnect.in
129,830,39,Electrical,Greater Noida,1552,completed,2026-08-17T19:26:56.373892+00:00,Rakesh Nair,+916119019085,customer39@kaushalkonnect.in
130,1000,170,Appliance Repair,Delhi,1709,booked,2026-08-13T02:59:08.373892+00:00,Vivek Bhatia,+918360719546,customer170@kaushalkonnect.in
131,619,34,Carpentry,Delhi,1210,completed,2026-06-15T05:04:08.373892+00:00,Neha Naidu,+918865227875,customer34@kaushalkonnect.in
132,808,113,Painting,Gurugram,1189,booked,2026-06-13T05:32:29.373892+00:00,Anjali Menon,+917971583759,customer113@kaushalkonnect.in
133,322,113,Home Cleaning,Gurugram,617,requested,2026-09-05T15:03:18.373892+00:00,Anjali Menon,+917971583759,customer113@kaushalkonnect.in
134,863,427,Appliance Repair,Gurugram,2396,cancelled,2026-08-27T13:48:47.373892+00:00,Aditi Kumar,+917161978607,customer427@kaushalkonnect.in
135,471,580,Electrical,Delhi,1225,requested,2026-08-29T16:04:05.373892+00:00,Sunil Joshi,+917897735260,customer580@kaushalkonnect.in
136,501,41,Electrical,Gurugram,1650,booked,2026-07-03T19:41:16.373892+00:00,Karan Sharma,+916107207304,customer41@kaushalkonnect.in
137,696,236,Painting,Delhi,1984,booked,2026-06-28T00:42:21.373892+00:00,Sonam Malhotra,+918250489029,customer236@kaushalkonnect.in
138,868,276,Plumbing,Gurugram,796,booked,2026-06-25T04:05:06.373892+00:00,Akash Bhatia,+919940142845,customer276@kaushalkonnect.in
139,94,73,Electrical,Delhi,1548,completed,2026-08-10T09:19:59.373892+00:00,Meera Kumar,+917136132628,customer73@kaushalkonnect.in
140,824,530,Appliance Repair,Gurugram,1823,cancelled,2026-07-18T00:51:42.373892+00:00,Rahul Patel,+918088665239,customer530@kaushalkonnect.in
141,559,559,Painting,Noida,800,booked,2026-06-26T22:53:53.373892+00:00,Arnav Ghosh,+917798176207,customer559@kaushalkonnect.in
142,711,97,Home Cleaning,Delhi,1033,cancelled,2026-08-28T00:39:27.373892+00:00,Kavita Kohli,+917223748296,customer97@kaushalkonnect.in
143,91,77,Electrical,Noida,823,completed,2026-08-23T17:20:52.373892+00:00,Rakesh Naidu,+919511190727,customer77@kaushalkonnect.in
144,388,375,Plumbing,Faridabad,1059,rejected,2026-06-14T18:43:13.373892+00:00,Bhavna Kapoor,+919134725344,customer375@kaushalkonnect.in
145,983,465,Electrical,Noida,1820,booked,2026-08-16T06:37:07.373892+00:00,Rohit Reddy,+919025670633,customer465@kaushalkonnect.in
146,35,437,Appliance Repair,Delhi,1921,booked,2026-08-21T08:18:09.373892+00:00,Raj Dutta,+919420631775,customer437@kaushalkonnect.in
147,630,35,Home Cleaning,Gurugram,754,booked,2026-07-25T23:54:26.373892+00:00,Nisha Mehta,+916462424676,customer35@kaushalkonnect.in
148,794,460,Appliance Repair,Gurugram,1392,requested,2026-09-08T08:38:39.373892+00:00,Rakesh Sheikh,+916441062571,customer460@kaushalkonnect.in
149,967,204,Plumbing,Delhi,801,booked,2026-08-04T17:41:47.373892+00:00,Rakesh Mishra,+918137619980,customer204@kaushalkonnect.in
150,530,173,Plumbing,Delhi,714,requested,2026-06-15T06:41:58.373892+00:00,Priya Reddy,+919939411389,customer173@kaushalkonnect.in
151,822,128,Electrical,Gurugram,1117,completed,2026-08-06T05:04:09.373892+00:00,Sanjay Rawat,+918586491298,customer128@kaushalkonnect.in
152,774,65,Electrical,Delhi,1458,booked,2026-07-21T11:04:19.373892+00:00,Rakesh Roy,+917561974383,customer65@kaushalkonnect.in
153,937,599,Electrical,Delhi,815,requested,2026-08-18T08:03:03.373892+00:00,Rakesh Jain,+916958927181,customer599@kaushalkonnect.in
154,447,337,Home Cleaning,Gurugram,1618,booked,2026-07-30T03:55:03.373892+00:00,Sachin Shah,+918827315015,customer337@kaushalkonnect.in
155,988,45,Painting,Delhi,2656,booked,2026-06-22T16:09:51.373892+00:00,Gaurav Tripathi,+917694925574,customer45@kaushalkonnect.in
156,211,495,Appliance Repair,Noida,2047,booked,2026-06-29T11:36:57.373892+00:00,Sakshi Patel,+918017379372,customer495@kaushalkonnect.in
157,145,499,Appliance Repair,Ghaziabad,1387,completed,2026-08-03T11:02:37.373892+00:00,Deepak Mishra,+917088184960,customer499@kaushalkonnect.in
158,201,504,Home Cleaning,Gurugram,1201,rejected,2026-06-21T10:42:48.373892+00:00,Sonam Khanna,+918703043010,customer504@kaushalkonnect.in
159,422,543,Appliance Repair,Faridabad,736,booked,2026-06-27T14:01:39.373892+00:00,Ayush Gupta,+917885975259,customer543@kaushalkonnect.in
160,94,38,Electrical,Noida,1388,requested,2026-06-27T11:52:24.373892+00:00,Vivek Khanna,+916955463077,customer38@kaushalkonnect.in
161,647,245,Electrical,Ghaziabad,993,booked,2026-06-30T02:10:38.373892+00:00,Rohit Sood,+917726232735,customer245@kaushalkonnect.in
162,543,417,Plumbing,Greater Noida,1146,completed,2026-09-01T10:04:41.373892+00:00,Aman Sood,+917476807826,customer417@kaushalkonnect.in
163,595,541,Home Cleaning,Delhi,773,rejected,2026-08-01T17:39:34.373892+00:00,Kunal Menon,+916011797175,customer541@kaushalkonnect.in
164,403,372,Appliance Repair,Delhi,749,cancelled,2026-08-27T00:19:10.373892+00:00,Anil Malhotra,+917785272762,customer372@kaushalkonnect.in
165,289,70,Painting,Noida,2248,requested,2026-06-15T03:21:06.373892+00:00,Divya Thakur,+919362593120,customer70@kaushalkonnect.in
166,992,112,Plumbing,Delhi,1348,completed,2026-08-08T10:20:25.373892+00:00,Arjun Wadhwa,+919666901867,customer112@kaushalkonnect.in
167,595,166,Home Cleaning,Delhi,704,requested,2026-07-21T01:19:34.373892+00:00,Neeraj Sharma,+916052441830,customer166@kaushalkonnect.in
168,276,48,Electrical,Delhi,1116,booked,2026-06-30T08:26:16.373892+00:00,Ashish Tripathi,+916647855605,customer48@kaushalkonnect.in
169,755,127,Home Cleaning,Faridabad,729,completed,2026-07-04T15:34:13.373892+00:00,Gaurav Khanna,+918370101835,customer127@kaushalkonnect.in
170,959,264,Plumbing,Noida,1212,rejected,2026-07-20T13:37:39.373892+00:00,Divya Rawat,+917913417288,customer264@kaushalkonnect.in
171,496,442,Home Cleaning,Delhi,513,cancelled,2026-08-12T22:11:35.373892+00:00,Shivam Saini,+918743728340,customer442@kaushalkonnect.in
172,875,409,Plumbing,Gurugram,1440,requested,2026-06-21T02:44:07.373892+00:00,Aman Bhatia,+917301746899,customer409@kaushalkonnect.in
173,337,404,Electrical,Delhi,805,booked,2026-09-06T15:21:00.373892+00:00,Pradeep Reddy,+919225248629,customer404@kaushalkonnect.in
174,859,338,Plumbing,Delhi,949,cancelled,2026-08-26T06:10:49.373892+00:00,Ayush Naidu,+918851325470,customer338@kaushalkonnect.in
175,71,251,Appliance Repair,Gurugram,2134,booked,2026-06-30T15:18:22.373892+00:00,Rohit Arora,+916080183613,customer251@kaushalkonnect.in
176,1,109,Electrical,Gurugram,1315,completed,2026-07-08T21:52:23.373892+00:00,Ravi Wadhwa,+916211465544,customer109@kaushalkonnect.in
177,261,217,Carpentry,Delhi,3062,booked,2026-07-02T07:40:06.373892+00:00,Aarav Bhardwaj,+918597580626,customer217@kaushalkonnect.in
178,20,63,Appliance Repair,Greater Noida,2037,requested,2026-08-07T22:57:23.373892+00:00,Kavita Arora,+916415739558,customer63@kaushalkonnect.in
179,295,587,Appliance Repair,Delhi,2088,rejected,2026-07-29T16:13:34.373892+00:00,Vivek Negi,+916220439054,customer587@kaushalkonnect.in
180,637,72,Home Cleaning,Faridabad,1131,requested,2026-07-16T17:38:54.373892+00:00,Manish Agarwal,+919613270572,customer72@kaushalkonnect.in
181,580,519,Appliance Repair,Delhi,2118,cancelled,2026-07-21T23:18:32.373892+00:00,Meera Pandey,+919891734613,customer519@kaushalkonnect.in
182,345,404,Home Cleaning,Delhi,1177,rejected,2026-07-11T16:18:12.373892+00:00,Pradeep Reddy,+919225248629,customer404@kaushalkonnect.in
183,912,430,Painting,Gurugram,1389,completed,2026-06-12T18:48:41.373892+00:00,Divya Sood,+916345412247,customer430@kaushalkonnect.in
184,958,10,Carpentry,Faridabad,2590,completed,2026-06-29T00:31:28.373892+00:00,Nisha Saxena,+917657347670,customer10@kaushalkonnect.in
185,950,251,Carpentry,Gurugram,2717,completed,2026-06-28T01:36:57.373892+00:00,Rohit Arora,+916080183613,customer251@kaushalkonnect.in
186,723,11,Carpentry,Gurugram,980,cancelled,2026-06-23T08:07:50.373892+00:00,Suman Shah,+919246399829,customer11@kaushalkonnect.in
187,99,397,Painting,Delhi,2256,requested,2026-09-09T13:56:07.373892+00:00,Rakesh Bisht,+917987835723,customer397@kaushalkonnect.in
188,905,163,Home Cleaning,Gurugram,577,requested,2026-07-23T00:52:50.373892+00:00,Bhavna Mehta,+919540295175,customer163@kaushalkonnect.in
189,457,286,Carpentry,Faridabad,1678,booked,2026-07-10T13:58:01.373892+00:00,Nisha Pandey,+916412262891,customer286@kaushalkonnect.in
190,455,349,Electrical,Faridabad,1658,completed,2026-08-29T00:49:33.373892+00:00,Sonam Iyer,+917637101777,customer349@kaushalkonnect.in
191,807,59,Home Cleaning,Greater Noida,1800,booked,2026-08-24T11:19:01.373892+00:00,Divya Shah,+917597693431,customer59@kaushalkonnect.in
192,499,441,Painting,Noida,1943,booked,2026-07-28T10:26:23.373892+00:00,Sonam Thakur,+918387904645,customer441@kaushalkonnect.in
193,131,302,Painting,Greater Noida,2004,rejected,2026-06-26T07:34:53.373892+00:00,Yogesh Khanna,+916508934349,customer302@kaushalkonnect.in
194,846,70,Electrical,Noida,706,requested,2026-09-05T20:39:56.373892+00:00,Divya Thakur,+919362593120,customer70@kaushalkonnect.in
195,239,309,Plumbing,Noida,969,completed,2026-07-05T21:10:05.373892+00:00,Ashish Qureshi,+917601537906,customer309@kaushalkonnect.in
196,395,585,Electrical,Delhi,1282,cancelled,2026-06-21T07:00:01.373892+00:00,Aman Patel,+918996577236,customer585@kaushalkonnect.in
197,478,443,Plumbing,Gurugram,1645,cancelled,2026-08-28T02:54:23.373892+00:00,Vivek Chaudhary,+919786891020,customer443@kaushalkonnect.in
198,806,49,Painting,Ghaziabad,1209,completed,2026-07-01T13:57:20.373892+00:00,Suman Arora,+918743761651,customer49@kaushalkonnect.in
199,749,136,Plumbing,Delhi,1549,requested,2026-06-21T08:47:12.373892+00:00,Shreya Roy,+916828537068,customer136@kaushalkonnect.in
200,655,204,Electrical,Delhi,2150,booked,2026-07-19T10:52:55.373892+00:00,Rakesh Mishra,+918137619980,customer204@kaushalkonnect.in
201,973,545,Home Cleaning,Gurugram,816,cancelled,2026-09-09T04:17:18.373892+00:00,Mohit Bhatia,+919598220397,customer545@kaushalkonnect.in
202,77,503,Appliance Repair,Delhi,1574,completed,2026-08-13T10:08:55.373892+00:00,Pradeep Nair,+916911598098,customer503@kaushalkonnect.in
203,772,140,Appliance Repair,Gurugram,1653,completed,2026-07-08T10:07:23.373892+00:00,Vinay Verma,+916153842142,customer140@kaushalkonnect.in
204,861,345,Plumbing,Delhi,1240,cancelled,2026-07-13T02:21:02.373892+00:00,Arnav Jain,+917137990400,customer345@kaushalkonnect.in
205,111,528,Electrical,Delhi,929,rejected,2026-07-17T16:20:38.373892+00:00,Sachin Kumar,+919357438176,customer528@kaushalkonnect.in
206,386,591,Electrical,Greater Noida,1145,booked,2026-06-29T13:46:54.373892+00:00,Neha Sharma,+918446802529,customer591@kaushalkonnect.in
207,839,536,Appliance Repair,Delhi,1155,booked,2026-09-02T11:23:02.373892+00:00,Ananya Ghosh,+918112041175,customer536@kaushalkonnect.in
208,668,272,Appliance Repair,Delhi,1009,booked,2026-09-08T12:27:03.373892+00:00,Vikas Thakur,+918335530065,customer272@kaushalkonnect.in
209,602,468,Electrical,Ghaziabad,2106,requested,2026-08-14T14:08:30.373892+00:00,Karan Khanna,+916112379420,customer468@kaushalkonnect.in
210,651,525,Home Cleaning,Ghaziabad,717,cancelled,2026-09-05T00:03:26.373892+00:00,Ravi Saxena,+918579008121,customer525@kaushalkonnect.in
211,386,521,Electrical,Faridabad,2246,booked,2026-07-08T18:09:49.373892+00:00,Akash Kohli,+918199179734,customer521@kaushalkonnect.in
212,37,352,Painting,Delhi,1940,requested,2026-07-21T06:56:40.373892+00:00,Deepika Bhatia,+919315722295,customer352@kaushalkonnect.in
213,796,553,Carpentry,Ghaziabad,800,requested,2026-07-21T07:01:43.373892+00:00,Arjun Arora,+917042349691,customer553@kaushalkonnect.in
214,160,381,Painting,Delhi,2943,requested,2026-08-16T15:02:12.373892+00:00,Gaurav Shah,+918155868243,customer381@kaushalkonnect.in
215,167,591,Electrical,Greater Noida,1089,booked,2026-06-24T12:57:38.373892+00:00,Neha Sharma,+918446802529,customer591@kaushalkonnect.in
216,885,158,Appliance Repair,Delhi,1649,booked,2026-08-27T08:56:29.373892+00:00,Dev Kohli,+918147078140,customer158@kaushalkonnect.in
217,268,105,Electrical,Ghaziabad,1124,requested,2026-08-13T04:16:34.373892+00:00,Sonam Pandey,+917712321716,customer105@kaushalkonnect.in
218,288,416,Painting,Gurugram,2152,completed,2026-06-12T17:59:47.373892+00:00,Karan Naidu,+919385092003,customer416@kaushalkonnect.in
219,616,184,Painting,Faridabad,1328,booked,2026-06-25T10:56:43.373892+00:00,Vikram Sood,+919686312008,customer184@kaushalkonnect.in
220,68,21,Painting,Faridabad,1341,completed,2026-06-22T13:35:56.373892+00:00,Naman Ansari,+918834023769,customer21@kaushalkonnect.in
221,945,247,Appliance Repair,Greater Noida,1450,booked,2026-06-20T19:29:29.373892+00:00,Gaurav Saxena,+917946882988,customer247@kaushalkonnect.in
222,234,361,Home Cleaning,Noida,999,completed,2026-09-02T11:31:52.373892+00:00,Sakshi Singh,+919262836565,customer361@kaushalkonnect.in
223,220,110,Home Cleaning,Delhi,636,rejected,2026-07-09T14:35:24.373892+00:00,Kunal Sheikh,+917468950294,customer110@kaushalkonnect.in
224,934,363,Electrical,Noida,777,rejected,2026-08-29T17:11:28.373892+00:00,Naman Bisht,+918971798824,customer363@kaushalkonnect.in
225,216,32,Painting,Delhi,973,completed,2026-08-16T15:17:20.373892+00:00,Isha Saini,+918934731186,customer32@kaushalkonnect.in
226,599,589,Plumbing,Gurugram,1340,requested,2026-08-31T08:36:15.373892+00:00,Vivek Ansari,+916255791765,customer589@kaushalkonnect.in
227,281,392,Painting,Ghaziabad,1296,requested,2026-08-16T03:06:38.373892+00:00,Raj Yadav,+918033630236,customer392@kaushalkonnect.in
228,112,515,Home Cleaning,Delhi,625,booked,2026-08-31T21:35:56.373892+00:00,Neha Singh,+917427682682,customer515@kaushalkonnect.in
229,873,473,Carpentry,Faridabad,1478,booked,2026-06-29T15:50:22.373892+00:00,Rahul Khanna,+918576780440,customer473@kaushalkonnect.in
230,570,83,Carpentry,Ghaziabad,2590,requested,2026-09-04T18:06:51.373892+00:00,Kavita Dutta,+919247075319,customer83@kaushalkonnect.in
231,603,13,Carpentry,Faridabad,1345,cancelled,2026-07-07T19:38:11.373892+00:00,Vikas Ansari,+917124833144,customer13@kaushalkonnect.in
232,449,66,Home Cleaning,Noida,982,requested,2026-06-15T21:31:58.373892+00:00,Sonam Agarwal,+917765146694,customer66@kaushalkonnect.in
233,89,300,Carpentry,Gurugram,1440,completed,2026-07-09T07:06:52.373892+00:00,Rakesh Kapoor,+916720285861,customer300@kaushalkonnect.in
234,993,245,Carpentry,Ghaziabad,2164,booked,2026-06-15T07:14:35.373892+00:00,Rohit Sood,+917726232735,customer245@kaushalkonnect.in
235,231,287,Carpentry,Noida,2150,requested,2026-06-22T09:09:57.373892+00:00,Ankit Kumar,+919225150759,customer287@kaushalkonnect.in
236,914,271,Electrical,Delhi,1343,completed,2026-08-06T02:07:08.373892+00:00,Nisha Das,+917283710874,customer271@kaushalkonnect.in
237,699,411,Plumbing,Faridabad,1074,completed,2026-08-21T03:04:58.373892+00:00,Meera Bhatia,+917629355210,customer411@kaushalkonnect.in
238,198,74,Painting,Delhi,1370,requested,2026-09-06T07:57:38.373892+00:00,Arjun Ali,+918593874794,customer74@kaushalkonnect.in
239,726,600,Appliance Repair,Noida,1154,cancelled,2026-07-01T08:15:31.373892+00:00,Vikram Nair,+917497239865,customer600@kaushalkonnect.in
240,157,301,Appliance Repair,Noida,1388,booked,2026-08-10T07:47:59.373892+00:00,Karan Thakur,+918510196144,customer301@kaushalkonnect.in
241,689,129,Appliance Repair,Greater Noida,1054,requested,2026-07-18T08:36:29.373892+00:00,Isha Sharma,+919532163810,customer129@kaushalkonnect.in
242,657,455,Home Cleaning,Gurugram,1401,completed,2026-07-26T08:42:13.373892+00:00,Deepak Ansari,+917077747252,customer455@kaushalkonnect.in
243,246,480,Appliance Repair,Faridabad,1500,cancelled,2026-06-21T17:21:03.373892+00:00,Yash Reddy,+918274836779,customer480@kaushalkonnect.in
244,118,421,Appliance Repair,Delhi,2360,rejected,2026-06-18T01:26:03.373892+00:00,Amit Yadav,+918515651587,customer421@kaushalkonnect.in
245,136,42,Plumbing,Noida,911,requested,2026-08-30T09:23:57.373892+00:00,Ananya Verma,+917337246396,customer42@kaushalkonnect.in
246,93,512,Painting,Gurugram,1303,requested,2026-07-20T12:06:41.373892+00:00,Deepika Sharma,+918428667947,customer512@kaushalkonnect.in
247,760,65,Electrical,Delhi,1796,rejected,2026-08-25T01:21:53.373892+00:00,Rakesh Roy,+917561974383,customer65@kaushalkonnect.in
248,266,70,Home Cleaning,Noida,1188,requested,2026-07-16T23:12:26.373892+00:00,Divya Thakur,+919362593120,customer70@kaushalkonnect.in
249,87,544,Carpentry,Greater Noida,1940,completed,2026-07-03T01:03:11.373892+00:00,Amit Thakur,+918902001626,customer544@kaushalkonnect.in
250,710,483,Home Cleaning,Noida,826,cancelled,2026-07-15T04:04:46.373892+00:00,Yash Thakur,+917226026852,customer483@kaushalkonnect.in
251,129,414,Carpentry,Gurugram,1562,requested,2026-06-23T04:09:50.373892+00:00,Rahul Negi,+918662475632,customer414@kaushalkonnect.in
252,538,215,Appliance Repair,Delhi,3442,cancelled,2026-07-14T10:07:27.373892+00:00,Ankit Bansal,+917167165365,customer215@kaushalkonnect.in
253,989,252,Painting,Delhi,2090,booked,2026-07-21T00:03:51.373892+00:00,Pankaj Sood,+917611950964,customer252@kaushalkonnect.in
254,308,449,Appliance Repair,Noida,1652,requested,2026-08-05T11:02:03.373892+00:00,Dev Iyer,+918327437095,customer449@kaushalkonnect.in
255,387,540,Electrical,Delhi,1105,completed,2026-08-27T03:54:18.373892+00:00,Neha Ansari,+917265230882,customer540@kaushalkonnect.in
256,110,253,Electrical,Gurugram,2481,cancelled,2026-08-20T04:25:36.373892+00:00,Meera Saxena,+919879003185,customer253@kaushalkonnect.in
257,176,571,Appliance Repair,Gurugram,3429,booked,2026-08-07T08:36:19.373892+00:00,Sachin Patel,+919133129664,customer571@kaushalkonnect.in
258,991,227,Appliance Repair,Delhi,2548,completed,2026-06-20T13:48:50.373892+00:00,Yogesh Qureshi,+917658406263,customer227@kaushalkonnect.in
259,554,389,Carpentry,Delhi,1898,requested,2026-07-20T23:44:02.373892+00:00,Sunil Gupta,+919325012863,customer389@kaushalkonnect.in
260,106,250,Painting,Greater Noida,1820,booked,2026-08-04T14:09:04.373892+00:00,Suman Verma,+918768077350,customer250@kaushalkonnect.in
261,584,242,Plumbing,Noida,736,booked,2026-09-06T16:41:42.373892+00:00,Vinay Saini,+917819926899,customer242@kaushalkonnect.in
262,604,46,Carpentry,Noida,1892,completed,2026-06-19T10:25:55.373892+00:00,Kavita Singh,+916997278479,customer46@kaushalkonnect.in
263,746,184,Painting,Faridabad,800,booked,2026-09-05T04:22:28.373892+00:00,Vikram Sood,+919686312008,customer184@kaushalkonnect.in
264,299,160,Home Cleaning,Gurugram,945,cancelled,2026-06-20T21:01:55.373892+00:00,Vivek Bansal,+916873628263,customer160@kaushalkonnect.in
265,815,503,Carpentry,Delhi,1586,booked,2026-07-13T08:28:22.373892+00:00,Pradeep Nair,+916911598098,customer503@kaushalkonnect.in
266,433,2,Plumbing,Delhi,1319,booked,2026-08-04T17:57:42.373892+00:00,Gaurav Rawat,+916076029990,customer2@kaushalkonnect.in
267,227,186,Carpentry,Delhi,1044,requested,2026-07-04T05:07:06.373892+00:00,Suman Saini,+918148514144,customer186@kaushalkonnect.in
268,510,388,Plumbing,Noida,1579,requested,2026-07-20T14:45:28.373892+00:00,Pradeep Joshi,+918745074261,customer388@kaushalkonnect.in
269,232,383,Plumbing,Ghaziabad,2118,completed,2026-06-25T03:44:58.373892+00:00,Ashish Agarwal,+916599387468,customer383@kaushalkonnect.in
270,977,140,Painting,Gurugram,1678,booked,2026-06-24T08:33:42.373892+00:00,Vinay Verma,+916153842142,customer140@kaushalkonnect.in
271,13,460,Home Cleaning,Gurugram,500,completed,2026-07-15T08:07:21.373892+00:00,Rakesh Sheikh,+916441062571,customer460@kaushalkonnect.in
272,492,404,Painting,Delhi,934,booked,2026-06-30T16:21:50.373892+00:00,Pradeep Reddy,+919225248629,customer404@kaushalkonnect.in
273,197,89,Painting,Noida,2155,requested,2026-08-30T00:47:24.373892+00:00,Ayush Das,+918619800391,customer89@kaushalkonnect.in
274,905,29,Home Cleaning,Delhi,1174,requested,2026-07-11T07:09:11.373892+00:00,Vivek Shah,+916302207410,customer29@kaushalkonnect.in
275,234,535,Home Cleaning,Delhi,658,completed,2026-08-02T23:34:15.373892+00:00,Aarav Shah,+919236451411,customer535@kaushalkonnect.in
276,820,335,Electrical,Faridabad,1078,booked,2026-07-11T06:14:14.373892+00:00,Shreya Das,+917309578108,customer335@kaushalkonnect.in
277,448,101,Plumbing,Noida,2096,booked,2026-07-18T06:07:24.373892+00:00,Riya Menon,+919439724839,customer101@kaushalkonnect.in
278,557,566,Plumbing,Delhi,1291,rejected,2026-06-30T05:47:05.373892+00:00,Shreya Bhardwaj,+918177414061,customer566@kaushalkonnect.in
279,804,263,Painting,Greater Noida,1742,booked,2026-07-28T13:17:19.373892+00:00,Anjali Ali,+919195555492,customer263@kaushalkonnect.in
280,936,561,Carpentry,Ghaziabad,2810,rejected,2026-07-23T10:32:17.373892+00:00,Kunal Singh,+919681284729,customer561@kaushalkonnect.in
281,736,266,Electrical,Delhi,2280,booked,2026-07-07T04:46:21.373892+00:00,Raj Gupta,+919811832495,customer266@kaushalkonnect.in
282,669,438,Home Cleaning,Ghaziabad,511,completed,2026-08-15T22:46:00.373892+00:00,Ananya Singh,+918950890226,customer438@kaushalkonnect.in
283,271,379,Home Cleaning,Noida,694,rejected,2026-07-16T17:30:24.373892+00:00,Vikram Tiwari,+919979181543,customer379@kaushalkonnect.in
284,673,31,Appliance Repair,Delhi,3429,booked,2026-07-05T22:41:00.373892+00:00,Vikram Rawat,+919958279216,customer31@kaushalkonnect.in
285,3,391,Plumbing,Ghaziabad,1003,requested,2026-07-29T00:05:41.373892+00:00,Naman Saini,+916839704304,customer391@kaushalkonnect.in
286,59,315,Carpentry,Delhi,1811,booked,2026-08-15T08:59:51.373892+00:00,Nisha Sood,+917487718263,customer315@kaushalkonnect.in
287,531,18,Painting,Noida,1309,requested,2026-08-30T20:47:46.373892+00:00,Akash Khan,+916865191049,customer18@kaushalkonnect.in
288,605,97,Carpentry,Delhi,1828,requested,2026-07-05T06:27:05.373892+00:00,Kavita Kohli,+917223748296,customer97@kaushalkonnect.in
289,811,443,Appliance Repair,Gurugram,1669,requested,2026-08-28T17:55:42.373892+00:00,Vivek Chaudhary,+919786891020,customer443@kaushalkonnect.in
290,858,77,Carpentry,Noida,2207,cancelled,2026-08-26T00:08:25.373892+00:00,Rakesh Naidu,+919511190727,customer77@kaushalkonnect.in
291,341,438,Appliance Repair,Ghaziabad,2250,booked,2026-08-22T06:18:24.373892+00:00,Ananya Singh,+918950890226,customer438@kaushalkonnect.in
292,892,527,Home Cleaning,Delhi,723,completed,2026-06-16T03:12:32.373892+00:00,Anil Khan,+917459392776,customer527@kaushalkonnect.in
293,127,101,Home Cleaning,Noida,762,booked,2026-06-12T16:42:31.373892+00:00,Riya Menon,+919439724839,customer101@kaushalkonnect.in
294,343,345,Painting,Delhi,2458,cancelled,2026-08-25T02:39:39.373892+00:00,Arnav Jain,+917137990400,customer345@kaushalkonnect.in
295,578,588,Plumbing,Noida,957,completed,2026-07-19T02:08:53.373892+00:00,Naman Mehta,+918237134823,customer588@kaushalkonnect.in
296,293,160,Electrical,Gurugram,1872,requested,2026-08-14T14:27:49.373892+00:00,Vivek Bansal,+916873628263,customer160@kaushalkonnect.in
297,22,425,Appliance Repair,Ghaziabad,2637,rejected,2026-09-03T21:32:05.373892+00:00,Nisha Jain,+917677283641,customer425@kaushalkonnect.in
298,259,585,Carpentry,Delhi,1307,requested,2026-06-16T01:00:48.373892+00:00,Aman Patel,+918996577236,customer585@kaushalkonnect.in
299,154,588,Painting,Noida,1116,cancelled,2026-08-25T12:38:24.373892+00:00,Naman Mehta,+918237134823,customer588@kaushalkonnect.in
300,76,351,Carpentry,Gurugram,1530,requested,2026-06-12T15:30:17.373892+00:00,Akash Pandey,+918198716874,customer351@kaushalkonnect.in
301,304,2,Painting,Delhi,1908,booked,2026-08-28T00:16:34.373892+00:00,Gaurav Rawat,+916076029990,customer2@kaushalkonnect.in
302,427,224,Home Cleaning,Noida,879,rejected,2026-07-10T10:51:35.373892+00:00,Ravi Joshi,+916530706667,customer224@kaushalkonnect.in
303,226,153,Painting,Ghaziabad,1320,cancelled,2026-08-14T18:57:40.373892+00:00,Rohit Rana,+919554397259,customer153@kaushalkonnect.in
304,948,13,Appliance Repair,Faridabad,2101,requested,2026-08-29T14:09:50.373892+00:00,Vikas Ansari,+917124833144,customer13@kaushalkonnect.in
305,84,516,Home Cleaning,Delhi,1459,cancelled,2026-06-28T08:29:22.373892+00:00,Dev Kumar,+918917230024,customer516@kaushalkonnect.in
306,774,430,Electrical,Gurugram,1368,completed,2026-08-29T09:43:12.373892+00:00,Divya Sood,+916345412247,customer430@kaushalkonnect.in
307,612,211,Plumbing,Ghaziabad,1454,booked,2026-08-03T21:06:39.373892+00:00,Vivek Qureshi,+917255297557,customer211@kaushalkonnect.in
308,793,219,Painting,Noida,1071,cancelled,2026-08-26T15:32:50.373892+00:00,Suman Das,+917344176398,customer219@kaushalkonnect.in
309,156,393,Painting,Delhi,950,booked,2026-08-09T08:35:10.373892+00:00,Ashish Khanna,+916891804374,customer393@kaushalkonnect.in
310,802,389,Electrical,Delhi,1757,booked,2026-07-18T12:38:08.373892+00:00,Sunil Gupta,+919325012863,customer389@kaushalkonnect.in
311,290,352,Painting,Delhi,1320,booked,2026-07-14T20:56:32.373892+00:00,Deepika Bhatia,+919315722295,customer352@kaushalkonnect.in
312,995,548,Plumbing,Delhi,917,requested,2026-08-11T16:20:58.373892+00:00,Deepak Rana,+918737510695,customer548@kaushalkonnect.in
313,86,161,Home Cleaning,Delhi,824,completed,2026-06-23T05:02:03.373892+00:00,Vinay Yadav,+917500063006,customer161@kaushalkonnect.in
314,525,263,Home Cleaning,Greater Noida,976,booked,2026-09-05T16:25:27.373892+00:00,Anjali Ali,+919195555492,customer263@kaushalkonnect.in
315,63,8,Appliance Repair,Delhi,1516,completed,2026-08-29T20:06:09.373892+00:00,Sameer Bisht,+917655985387,customer8@kaushalkonnect.in
316,370,51,Plumbing,Noida,1745,requested,2026-06-16T21:46:03.373892+00:00,Meera Chaudhary,+918291840662,customer51@kaushalkonnect.in
317,144,393,Carpentry,Delhi,1347,booked,2026-09-01T15:51:04.373892+00:00,Ashish Khanna,+916891804374,customer393@kaushalkonnect.in
318,115,325,Home Cleaning,Ghaziabad,524,rejected,2026-07-03T16:07:25.373892+00:00,Anjali Verma,+916146666966,customer325@kaushalkonnect.in
319,373,228,Appliance Repair,Gurugram,2043,cancelled,2026-09-06T02:09:38.373892+00:00,Karan Patel,+916494472047,customer228@kaushalkonnect.in
320,649,477,Plumbing,Faridabad,1043,completed,2026-06-28T06:07:51.373892+00:00,Vikas Ghosh,+917271232552,customer477@kaushalkonnect.in
321,857,137,Home Cleaning,Greater Noida,633,requested,2026-08-01T16:09:05.373892+00:00,Ankit Ghosh,+919324000047,customer137@kaushalkonnect.in
322,996,98,Electrical,Gurugram,1402,booked,2026-06-23T20:35:24.373892+00:00,Aditi Bansal,+919514661772,customer98@kaushalkonnect.in
323,213,27,Plumbing,Gurugram,977,booked,2026-07-08T09:11:03.373892+00:00,Sonam Ghosh,+918245125686,customer27@kaushalkonnect.in
324,244,194,Electrical,Ghaziabad,1988,booked,2026-06-21T08:50:42.373892+00:00,Sakshi Sharma,+917869681591,customer194@kaushalkonnect.in
325,836,288,Electrical,Faridabad,1470,cancelled,2026-08-08T18:50:04.373892+00:00,Ananya Jain,+917306566964,customer288@kaushalkonnect.in
326,80,112,Electrical,Delhi,1301,requested,2026-08-15T16:30:42.373892+00:00,Arjun Wadhwa,+919666901867,customer112@kaushalkonnect.in
327,355,244,Painting,Noida,2440,booked,2026-09-05T00:56:23.373892+00:00,Bhavna Naidu,+918645996516,customer244@kaushalkonnect.in
328,852,192,Home Cleaning,Greater Noida,1800,completed,2026-06-28T08:32:04.373892+00:00,Meera Mishra,+917237112342,customer192@kaushalkonnect.in
329,786,374,Carpentry,Delhi,2051,requested,2026-07-26T16:15:59.373892+00:00,Ashish Gupta,+917864797442,customer374@kaushalkonnect.in
330,323,562,Carpentry,Delhi,1249,cancelled,2026-07-06T18:50:31.373892+00:00,Riya Wadhwa,+919901617358,customer562@kaushalkonnect.in
331,265,79,Home Cleaning,Delhi,791,requested,2026-09-01T09:36:06.373892+00:00,Amit Joshi,+917611705539,customer79@kaushalkonnect.in
332,705,385,Carpentry,Delhi,1826,rejected,2026-08-01T21:46:31.373892+00:00,Suraj Saxena,+917929928210,customer385@kaushalkonnect.in
333,926,26,Plumbing,Ghaziabad,1687,booked,2026-08-15T15:18:20.373892+00:00,Pooja Rawat,+917561657903,customer26@kaushalkonnect.in
334,962,323,Electrical,Gurugram,1284,booked,2026-07-20T02:55:34.373892+00:00,Nikhil Saini,+919877729235,customer323@kaushalkonnect.in
335,943,245,Carpentry,Ghaziabad,2390,requested,2026-07-15T03:24:42.373892+00:00,Rohit Sood,+917726232735,customer245@kaushalkonnect.in
336,323,566,Carpentry,Delhi,1468,booked,2026-09-05T12:32:25.373892+00:00,Shreya Bhardwaj,+918177414061,customer566@kaushalkonnect.in
337,485,399,Painting,Delhi,1478,requested,2026-07-25T18:59:56.373892+00:00,Ananya Srivastava,+916906241246,customer399@kaushalkonnect.in
338,392,176,Appliance Repair,Delhi,1531,completed,2026-08-23T12:50:47.373892+00:00,Sachin Yadav,+918403599033,customer176@kaushalkonnect.in
339,21,191,Home Cleaning,Faridabad,1329,cancelled,2026-07-01T17:33:44.373892+00:00,Bhavna Roy,+919797236280,customer191@kaushalkonnect.in
340,51,132,Plumbing,Ghaziabad,609,rejected,2026-07-05T09:43:01.373892+00:00,Yash Kohli,+919102622246,customer132@kaushalkonnect.in
341,725,222,Painting,Delhi,2010,booked,2026-06-14T13:57:58.373892+00:00,Siddharth Pandey,+916457296056,customer222@kaushalkonnect.in
342,23,166,Carpentry,Delhi,1644,booked,2026-07-09T12:19:58.373892+00:00,Neeraj Sharma,+916052441830,customer166@kaushalkonnect.in
343,906,315,Appliance Repair,Delhi,1735,booked,2026-08-10T20:28:47.373892+00:00,Nisha Sood,+917487718263,customer315@kaushalkonnect.in
344,984,536,Appliance Repair,Delhi,1367,booked,2026-08-25T06:28:58.373892+00:00,Ananya Ghosh,+918112041175,customer536@kaushalkonnect.in
345,897,464,Carpentry,Gurugram,1748,booked,2026-08-01T21:44:10.373892+00:00,Suman Tiwari,+917180474288,customer464@kaushalkonnect.in
346,533,267,Home Cleaning,Faridabad,939,booked,2026-07-12T22:45:15.373892+00:00,Vivek Chauhan,+919825208972,customer267@kaushalkonnect.in
347,628,445,Carpentry,Delhi,1975,cancelled,2026-06-30T09:40:15.373892+00:00,Pankaj Ansari,+917866394351,customer445@kaushalkonnect.in
348,67,456,Electrical,Gurugram,1134,booked,2026-07-05T11:33:21.373892+00:00,Pradeep Rana,+919011963081,customer456@kaushalkonnect.in
349,44,243,Carpentry,Delhi,904,completed,2026-08-08T02:27:31.373892+00:00,Simran Patel,+916190863624,customer243@kaushalkonnect.in
350,177,88,Appliance Repair,Delhi,2156,requested,2026-08-04T21:31:23.373892+00:00,Mohit Mishra,+918809716568,customer88@kaushalkonnect.in
351,593,234,Plumbing,Delhi,807,booked,2026-07-11T03:43:38.373892+00:00,Ananya Patel,+916812444891,customer234@kaushalkonnect.in
352,659,95,Appliance Repair,Noida,2342,booked,2026-07-07T06:54:39.373892+00:00,Yogesh Verma,+916858393421,customer95@kaushalkonnect.in
353,77,497,Appliance Repair,Faridabad,2570,requested,2026-07-30T22:34:37.373892+00:00,Dev Negi,+919059434779,customer497@kaushalkonnect.in
354,472,514,Electrical,Delhi,2122,requested,2026-06-12T16:19:31.373892+00:00,Kavita Rana,+918899280776,customer514@kaushalkonnect.in
355,801,47,Appliance Repair,Gurugram,1738,requested,2026-08-14T07:30:03.373892+00:00,Karan Menon,+918769815183,customer47@kaushalkonnect.in
356,682,40,Painting,Delhi,1538,cancelled,2026-08-14T16:07:46.373892+00:00,Siddharth Ghosh,+917655804329,customer40@kaushalkonnect.in
357,282,124,Home Cleaning,Delhi,541,requested,2026-07-14T17:50:40.373892+00:00,Pradeep Kumar,+919616875067,customer124@kaushalkonnect.in
358,698,549,Painting,Delhi,1364,completed,2026-07-15T16:49:47.373892+00:00,Sonam Kumar,+918885796442,customer549@kaushalkonnect.in
359,383,576,Appliance Repair,Noida,1732,booked,2026-07-24T20:18:01.373892+00:00,Aditi Sheikh,+918081155522,customer576@kaushalkonnect.in
360,195,166,Electrical,Delhi,1402,booked,2026-06-29T10:59:58.373892+00:00,Neeraj Sharma,+916052441830,customer166@kaushalkonnect.in
361,479,50,Appliance Repair,Greater Noida,2452,booked,2026-08-09T21:14:15.373892+00:00,Rahul Reddy,+917484432800,customer50@kaushalkonnect.in
362,898,352,Painting,Delhi,1952,cancelled,2026-09-08T01:28:25.373892+00:00,Deepika Bhatia,+919315722295,customer352@kaushalkonnect.in
363,305,92,Plumbing,Greater Noida,916,booked,2026-07-16T15:28:16.373892+00:00,Rakesh Bhatia,+916551453222,customer92@kaushalkonnect.in
364,946,599,Plumbing,Delhi,2257,requested,2026-08-28T06:45:23.373892+00:00,Rakesh Jain,+916958927181,customer599@kaushalkonnect.in
365,497,192,Painting,Greater Noida,1278,cancelled,2026-06-27T22:37:32.373892+00:00,Meera Mishra,+917237112342,customer192@kaushalkonnect.in
366,248,217,Painting,Delhi,1737,requested,2026-07-24T04:09:10.373892+00:00,Aarav Bhardwaj,+918597580626,customer217@kaushalkonnect.in
367,730,10,Appliance Repair,Faridabad,2131,cancelled,2026-06-30T05:06:49.373892+00:00,Nisha Saxena,+917657347670,customer10@kaushalkonnect.in
368,209,119,Painting,Greater Noida,845,cancelled,2026-08-08T17:04:18.373892+00:00,Arjun Bhardwaj,+918195294323,customer119@kaushalkonnect.in
369,938,587,Carpentry,Delhi,3482,booked,2026-06-22T13:34:06.373892+00:00,Vivek Negi,+916220439054,customer587@kaushalkonnect.in
370,844,355,Carpentry,Delhi,1604,requested,2026-08-24T10:05:57.373892+00:00,Rahul Saini,+919852992624,customer355@kaushalkonnect.in
371,52,309,Home Cleaning,Noida,764,booked,2026-08-22T21:05:03.373892+00:00,Ashish Qureshi,+917601537906,customer309@kaushalkonnect.in
372,986,420,Painting,Ghaziabad,2147,cancelled,2026-07-14T12:43:26.373892+00:00,Priya Bansal,+919319986427,customer420@kaushalkonnect.in
373,971,41,Plumbing,Gurugram,1058,booked,2026-08-22T11:17:35.373892+00:00,Karan Sharma,+916107207304,customer41@kaushalkonnect.in
374,132,94,Painting,Gurugram,1799,requested,2026-06-20T11:38:30.373892+00:00,Riya Bhatia,+918371850287,customer94@kaushalkonnect.in
375,939,529,Electrical,Delhi,1178,requested,2026-07-28T00:36:59.373892+00:00,Yogesh Patel,+917198023595,customer529@kaushalkonnect.in
376,423,310,Electrical,Noida,1672,completed,2026-07-12T01:34:46.373892+00:00,Sunil Sood,+918009818828,customer310@kaushalkonnect.in
377,660,435,Home Cleaning,Delhi,725,requested,2026-07-23T05:59:10.373892+00:00,Shreya Negi,+917096878396,customer435@kaushalkonnect.in
378,773,505,Home Cleaning,Noida,805,booked,2026-08-26T12:10:17.373892+00:00,Yogesh Mishra,+919912655537,customer505@kaushalkonnect.in
379,449,295,Home Cleaning,Noida,943,rejected,2026-09-09T10:23:50.373892+00:00,Sachin Sharma,+918826481746,customer295@kaushalkonnect.in
380,221,353,Carpentry,Delhi,2255,completed,2026-09-07T16:07:35.373892+00:00,Yash Patel,+917184556212,customer353@kaushalkonnect.in
381,658,456,Carpentry,Gurugram,2207,completed,2026-06-30T16:44:24.373892+00:00,Pradeep Rana,+919011963081,customer456@kaushalkonnect.in
382,257,257,Electrical,Delhi,1476,completed,2026-08-23T17:52:37.373892+00:00,Raj Khanna,+917681772738,customer257@kaushalkonnect.in
383,65,509,Appliance Repair,Delhi,2513,booked,2026-07-20T13:46:54.373892+00:00,Sanjay Kohli,+917342320635,customer509@kaushalkonnect.in
384,264,503,Electrical,Delhi,1048,booked,2026-07-29T17:56:14.373892+00:00,Pradeep Nair,+916911598098,customer503@kaushalkonnect.in
385,338,532,Plumbing,Delhi,1302,booked,2026-07-09T07:51:16.373892+00:00,Yogesh Das,+918928210204,customer532@kaushalkonnect.in
386,613,7,Plumbing,Delhi,1758,booked,2026-07-24T17:53:02.373892+00:00,Vinay Ansari,+916749555995,customer7@kaushalkonnect.in
387,889,497,Appliance Repair,Faridabad,3430,completed,2026-06-12T19:37:34.373892+00:00,Dev Negi,+919059434779,customer497@kaushalkonnect.in
388,738,560,Plumbing,Delhi,1727,requested,2026-07-06T20:33:32.373892+00:00,Pradeep Menon,+919319371669,customer560@kaushalkonnect.in
389,412,449,Carpentry,Noida,1471,booked,2026-08-01T07:25:20.373892+00:00,Dev Iyer,+918327437095,customer449@kaushalkonnect.in
390,354,10,Carpentry,Faridabad,1441,booked,2026-08-03T18:43:30.373892+00:00,Nisha Saxena,+917657347670,customer10@kaushalkonnect.in
391,731,169,Painting,Noida,1197,booked,2026-06-13T00:10:32.373892+00:00,Pradeep Verma,+916030661833,customer169@kaushalkonnect.in
392,61,469,Painting,Gurugram,1182,completed,2026-06-19T14:50:44.373892+00:00,Priya Bhatia,+917178690535,customer469@kaushalkonnect.in
393,366,314,Electrical,Noida,1997,completed,2026-06-23T22:06:36.373892+00:00,Sakshi Verma,+919858809607,customer314@kaushalkonnect.in
394,830,240,Electrical,Noida,1474,booked,2026-08-02T01:56:25.373892+00:00,Ankit Das,+916278579410,customer240@kaushalkonnect.in
395,656,584,Home Cleaning,Faridabad,927,requested,2026-09-03T21:37:17.373892+00:00,Neha Verma,+918053138003,customer584@kaushalkonnect.in
396,512,207,Carpentry,Faridabad,1970,completed,2026-07-19T20:30:26.373892+00:00,Ravi Bhatia,+916554956857,customer207@kaushalkonnect.in
397,977,36,Painting,Faridabad,1452,cancelled,2026-06-24T23:01:11.373892+00:00,Sachin Dutta,+919322371606,customer36@kaushalkonnect.in
398,978,129,Carpentry,Greater Noida,1959,booked,2026-06-16T08:39:49.373892+00:00,Isha Sharma,+919532163810,customer129@kaushalkonnect.in
399,833,290,Carpentry,Ghaziabad,1095,rejected,2026-08-12T01:25:16.373892+00:00,Vivek Bhardwaj,+919055232520,customer290@kaushalkonnect.in
400,912,251,Painting,Gurugram,965,booked,2026-06-17T12:06:54.373892+00:00,Rohit Arora,+916080183613,customer251@kaushalkonnect.in
401,4,341,Home Cleaning,Noida,772,booked,2026-09-04T16:55:17.373892+00:00,Yogesh Joshi,+919233980532,customer341@kaushalkonnect.in
402,923,10,Painting,Faridabad,2340,cancelled,2026-08-24T14:18:03.373892+00:00,Nisha Saxena,+917657347670,customer10@kaushalkonnect.in
403,579,78,Home Cleaning,Greater Noida,1045,cancelled,2026-07-02T15:07:04.373892+00:00,Anil Negi,+918249659937,customer78@kaushalkonnect.in
404,547,488,Carpentry,Gurugram,1204,completed,2026-07-30T19:35:26.373892+00:00,Arnav Dutta,+919916208629,customer488@kaushalkonnect.in
405,104,557,Home Cleaning,Gurugram,1052,cancelled,2026-06-19T03:37:07.373892+00:00,Ananya Bhatia,+919099765914,customer557@kaushalkonnect.in
406,600,264,Plumbing,Noida,1626,booked,2026-06-24T00:26:56.373892+00:00,Divya Rawat,+917913417288,customer264@kaushalkonnect.in
407,632,18,Plumbing,Noida,1799,booked,2026-09-02T10:58:51.373892+00:00,Akash Khan,+916865191049,customer18@kaushalkonnect.in
408,516,289,Electrical,Delhi,1617,completed,2026-06-15T15:32:52.373892+00:00,Arjun Negi,+918748753599,customer289@kaushalkonnect.in
409,2,116,Electrical,Delhi,2062,completed,2026-08-13T14:29:24.373892+00:00,Vivek Sheikh,+919824113525,customer116@kaushalkonnect.in
410,402,576,Painting,Noida,2561,booked,2026-06-22T15:47:22.373892+00:00,Aditi Sheikh,+918081155522,customer576@kaushalkonnect.in
411,911,167,Electrical,Noida,1483,booked,2026-06-15T23:56:00.373892+00:00,Naman Bansal,+919290222030,customer167@kaushalkonnect.in
412,321,314,Appliance Repair,Noida,1191,requested,2026-08-13T13:19:20.373892+00:00,Sakshi Verma,+919858809607,customer314@kaushalkonnect.in
413,548,155,Plumbing,Noida,665,booked,2026-06-14T22:56:57.373892+00:00,Vikas Kapoor,+919709905403,customer155@kaushalkonnect.in
414,421,561,Plumbing,Ghaziabad,1001,completed,2026-08-27T20:16:50.373892+00:00,Kunal Singh,+919681284729,customer561@kaushalkonnect.in
415,559,27,Painting,Gurugram,2275,booked,2026-06-12T17:03:24.373892+00:00,Sonam Ghosh,+918245125686,customer27@kaushalkonnect.in
416,257,341,Electrical,Noida,1723,requested,2026-07-16T04:45:03.373892+00:00,Yogesh Joshi,+919233980532,customer341@kaushalkonnect.in
417,237,482,Appliance Repair,Delhi,3054,requested,2026-07-17T00:12:42.373892+00:00,Mohit Tiwari,+917318880141,customer482@kaushalkonnect.in
418,789,162,Appliance Repair,Ghaziabad,1085,booked,2026-08-20T08:42:18.373892+00:00,Vikas Yadav,+919280802869,customer162@kaushalkonnect.in
419,887,306,Electrical,Gurugram,1236,booked,2026-07-28T19:16:15.373892+00:00,Kavita Khanna,+918619490253,customer306@kaushalkonnect.in
420,725,470,Painting,Faridabad,1306,cancelled,2026-07-09T22:16:39.373892+00:00,Suraj Arora,+917135380431,customer470@kaushalkonnect.in
421,494,333,Carpentry,Gurugram,976,requested,2026-07-31T14:37:54.373892+00:00,Sachin Tripathi,+917650036856,customer333@kaushalkonnect.in
422,898,304,Painting,Delhi,1169,booked,2026-07-24T05:28:52.373892+00:00,Neeraj Roy,+918941732358,customer304@kaushalkonnect.in
423,373,537,Appliance Repair,Delhi,1604,booked,2026-08-09T14:36:33.373892+00:00,Karan Kohli,+919415864604,customer537@kaushalkonnect.in
424,145,330,Appliance Repair,Delhi,3618,booked,2026-08-29T08:28:52.373892+00:00,Shivam Chauhan,+919916174719,customer330@kaushalkonnect.in
425,261,357,Carpentry,Ghaziabad,1251,requested,2026-07-21T07:33:52.373892+00:00,Arnav Chaudhary,+916780313224,customer357@kaushalkonnect.in
426,184,197,Painting,Gurugram,1517,cancelled,2026-07-27T07:06:38.373892+00:00,Vikram Jain,+916471203455,customer197@kaushalkonnect.in
427,202,562,Home Cleaning,Delhi,927,booked,2026-08-11T15:12:05.373892+00:00,Riya Wadhwa,+919901617358,customer562@kaushalkonnect.in
428,301,548,Home Cleaning,Delhi,721,requested,2026-08-12T13:39:30.373892+00:00,Deepak Rana,+918737510695,customer548@kaushalkonnect.in
429,407,23,Appliance Repair,Gurugram,2168,requested,2026-08-11T08:11:38.373892+00:00,Rakesh Gupta,+919760482428,customer23@kaushalkonnect.in
430,906,161,Appliance Repair,Delhi,2068,completed,2026-08-15T00:52:24.373892+00:00,Vinay Yadav,+917500063006,customer161@kaushalkonnect.in
431,577,367,Painting,Delhi,1983,cancelled,2026-07-30T23:12:05.373892+00:00,Sakshi Bhatia,+918332093858,customer367@kaushalkonnect.in
432,931,430,Plumbing,Gurugram,1366,requested,2026-07-21T09:20:43.373892+00:00,Divya Sood,+916345412247,customer430@kaushalkonnect.in
433,729,221,Appliance Repair,Delhi,1202,booked,2026-07-14T06:18:53.373892+00:00,Dev Joshi,+917613763916,customer221@kaushalkonnect.in
434,335,179,Appliance Repair,Ghaziabad,2410,completed,2026-09-03T22:46:06.373892+00:00,Priya Dutta,+916829457548,customer179@kaushalkonnect.in
435,883,266,Painting,Delhi,1958,requested,2026-08-23T05:59:24.373892+00:00,Raj Gupta,+919811832495,customer266@kaushalkonnect.in
436,372,29,Plumbing,Delhi,1098,booked,2026-06-24T14:22:15.373892+00:00,Vivek Shah,+916302207410,customer29@kaushalkonnect.in
437,478,229,Plumbing,Noida,990,completed,2026-07-03T09:24:58.373892+00:00,Vinay Gupta,+919808314953,customer229@kaushalkonnect.in
438,347,29,Painting,Delhi,800,cancelled,2026-06-20T01:30:25.373892+00:00,Vivek Shah,+916302207410,customer29@kaushalkonnect.in
439,487,81,Plumbing,Ghaziabad,1306,completed,2026-07-30T20:49:02.373892+00:00,Pankaj Kapoor,+916168811785,customer81@kaushalkonnect.in
440,688,509,Plumbing,Delhi,651,booked,2026-08-30T07:48:58.373892+00:00,Sanjay Kohli,+917342320635,customer509@kaushalkonnect.in
441,60,369,Plumbing,Noida,1539,booked,2026-07-05T13:02:44.373892+00:00,Deepak Chaudhary,+916582556457,customer369@kaushalkonnect.in
442,686,13,Appliance Repair,Faridabad,2128,booked,2026-07-24T12:29:09.373892+00:00,Vikas Ansari,+917124833144,customer13@kaushalkonnect.in
443,48,5,Home Cleaning,Gurugram,1018,booked,2026-06-26T04:51:29.373892+00:00,Amit Rana,+917930427258,customer5@kaushalkonnect.in
444,34,297,Plumbing,Noida,1639,requested,2026-07-18T15:28:37.373892+00:00,Sanjay Nair,+918617126294,customer297@kaushalkonnect.in
445,470,508,Carpentry,Gurugram,2393,requested,2026-06-21T19:40:45.373892+00:00,Pooja Sheikh,+919301403601,customer508@kaushalkonnect.in
446,470,40,Carpentry,Delhi,1890,completed,2026-07-09T01:12:42.373892+00:00,Siddharth Ghosh,+917655804329,customer40@kaushalkonnect.in
447,603,499,Carpentry,Ghaziabad,2038,booked,2026-08-23T16:07:40.373892+00:00,Deepak Mishra,+917088184960,customer499@kaushalkonnect.in
448,179,271,Plumbing,Delhi,600,cancelled,2026-08-16T00:18:52.373892+00:00,Nisha Das,+917283710874,customer271@kaushalkonnect.in
449,359,441,Carpentry,Noida,3137,rejected,2026-07-28T05:51:45.373892+00:00,Sonam Thakur,+918387904645,customer441@kaushalkonnect.in
450,863,219,Appliance Repair,Noida,1812,completed,2026-06-17T13:58:54.373892+00:00,Suman Das,+917344176398,customer219@kaushalkonnect.in
451,349,78,Home Cleaning,Greater Noida,913,requested,2026-08-13T12:20:42.373892+00:00,Anil Negi,+918249659937,customer78@kaushalkonnect.in
452,563,257,Electrical,Delhi,1263,requested,2026-09-04T22:23:47.373892+00:00,Raj Khanna,+917681772738,customer257@kaushalkonnect.in
453,258,415,Appliance Repair,Greater Noida,2347,completed,2026-07-26T10:51:50.373892+00:00,Deepak Roy,+917922690723,customer415@kaushalkonnect.in
454,187,74,Appliance Repair,Delhi,2633,requested,2026-07-06T17:09:32.373892+00:00,Arjun Ali,+918593874794,customer74@kaushalkonnect.in
455,392,157,Appliance Repair,Ghaziabad,995,completed,2026-07-24T13:14:46.373892+00:00,Aman Tripathi,+917631773114,customer157@kaushalkonnect.in
456,542,190,Plumbing,Ghaziabad,1709,rejected,2026-09-09T12:22:41.373892+00:00,Pooja Joshi,+918637059652,customer190@kaushalkonnect.in
457,629,103,Appliance Repair,Faridabad,1542,booked,2026-06-21T22:27:22.373892+00:00,Aditi Yadav,+916489712850,customer103@kaushalkonnect.in
458,11,7,Electrical,Delhi,2259,booked,2026-08-29T19:13:19.373892+00:00,Vinay Ansari,+916749555995,customer7@kaushalkonnect.in
459,555,592,Appliance Repair,Gurugram,1137,completed,2026-07-10T06:44:25.373892+00:00,Yogesh Kumar,+916853460818,customer592@kaushalkonnect.in
460,586,304,Home Cleaning,Delhi,845,booked,2026-09-01T10:03:17.373892+00:00,Neeraj Roy,+918941732358,customer304@kaushalkonnect.in
461,311,527,Carpentry,Delhi,2143,booked,2026-08-08T04:52:38.373892+00:00,Anil Khan,+917459392776,customer527@kaushalkonnect.in
462,62,275,Appliance Repair,Delhi,2850,requested,2026-08-28T20:19:20.373892+00:00,Naman Verma,+916165589412,customer275@kaushalkonnect.in
463,702,190,Appliance Repair,Ghaziabad,2296,booked,2026-09-01T01:03:01.373892+00:00,Pooja Joshi,+918637059652,customer190@kaushalkonnect.in
464,601,370,Plumbing,Delhi,1521,completed,2026-07-10T07:55:20.373892+00:00,Pradeep Bisht,+916369601399,customer370@kaushalkonnect.in
465,915,132,Painting,Ghaziabad,1755,cancelled,2026-07-15T12:52:45.373892+00:00,Yash Kohli,+919102622246,customer132@kaushalkonnect.in
466,933,502,Painting,Ghaziabad,1633,completed,2026-07-18T23:06:02.373892+00:00,Ankit Bhardwaj,+918786563563,customer502@kaushalkonnect.in
467,258,124,Appliance Repair,Delhi,1942,completed,2026-07-12T06:42:39.373892+00:00,Pradeep Kumar,+919616875067,customer124@kaushalkonnect.in
468,439,573,Carpentry,Delhi,1168,booked,2026-06-17T02:32:04.373892+00:00,Kunal Tiwari,+917368316458,customer573@kaushalkonnect.in
469,950,472,Carpentry,Noida,958,requested,2026-07-30T15:37:04.373892+00:00,Sameer Srivastava,+917649879966,customer472@kaushalkonnect.in
470,954,197,Appliance Repair,Gurugram,2928,booked,2026-06-13T09:34:58.373892+00:00,Vikram Jain,+916471203455,customer197@kaushalkonnect.in
471,209,108,Painting,Gurugram,1614,cancelled,2026-08-08T08:12:52.373892+00:00,Siddharth Qureshi,+916328886556,customer108@kaushalkonnect.in
472,737,161,Carpentry,Delhi,2093,requested,2026-07-09T14:20:36.373892+00:00,Vinay Yadav,+917500063006,customer161@kaushalkonnect.in
473,16,446,Home Cleaning,Ghaziabad,582,completed,2026-09-08T23:15:12.373892+00:00,Pankaj Jain,+917248509690,customer446@kaushalkonnect.in
474,155,439,Appliance Repair,Gurugram,2017,completed,2026-08-07T05:06:14.373892+00:00,Arnav Reddy,+918734250923,customer439@kaushalkonnect.in
475,364,43,Painting,Gurugram,1941,booked,2026-08-29T09:45:16.373892+00:00,Suraj Sood,+917704601150,customer43@kaushalkonnect.in
476,118,112,Appliance Repair,Delhi,3066,completed,2026-09-07T17:00:17.373892+00:00,Arjun Wadhwa,+919666901867,customer112@kaushalkonnect.in
477,641,398,Painting,Ghaziabad,1087,requested,2026-06-13T11:02:15.373892+00:00,Arjun Singh,+916749018545,customer398@kaushalkonnect.in
478,454,565,Painting,Greater Noida,2048,requested,2026-07-04T09:02:35.373892+00:00,Deepika Bansal,+919147617740,customer565@kaushalkonnect.in
479,260,547,Home Cleaning,Greater Noida,1356,rejected,2026-07-21T05:46:06.373892+00:00,Naman Bhatia,+916004513153,customer547@kaushalkonnect.in
480,683,493,Electrical,Delhi,926,completed,2026-08-10T10:07:49.373892+00:00,Yash Arora,+916388656173,customer493@kaushalkonnect.in
481,146,406,Painting,Noida,1708,completed,2026-08-09T12:50:33.373892+00:00,Mohit Ali,+918926770384,customer406@kaushalkonnect.in
482,247,26,Plumbing,Ghaziabad,1164,cancelled,2026-06-30T23:46:32.373892+00:00,Pooja Rawat,+917561657903,customer26@kaushalkonnect.in
483,319,301,Plumbing,Noida,2123,requested,2026-08-27T06:28:14.373892+00:00,Karan Thakur,+918510196144,customer301@kaushalkonnect.in
484,523,86,Electrical,Ghaziabad,1115,requested,2026-07-29T09:26:58.373892+00:00,Neha Iyer,+918364855851,customer86@kaushalkonnect.in
485,663,465,Painting,Noida,2082,completed,2026-07-21T13:17:54.373892+00:00,Rohit Reddy,+919025670633,customer465@kaushalkonnect.in
486,346,126,Plumbing,Delhi,1091,requested,2026-08-22T15:04:03.373892+00:00,Shivam Naidu,+918280149372,customer126@kaushalkonnect.in
487,283,387,Appliance Repair,Delhi,1482,requested,2026-07-29T22:26:31.373892+00:00,Suman Roy,+917761768379,customer387@kaushalkonnect.in
488,766,455,Appliance Repair,Gurugram,1791,requested,2026-07-12T08:24:36.373892+00:00,Deepak Ansari,+917077747252,customer455@kaushalkonnect.in
489,671,385,Plumbing,Delhi,1755,booked,2026-08-17T01:57:02.373892+00:00,Suraj Saxena,+917929928210,customer385@kaushalkonnect.in
490,644,95,Electrical,Noida,1375,completed,2026-07-31T03:10:46.373892+00:00,Yogesh Verma,+916858393421,customer95@kaushalkonnect.in
491,607,366,Electrical,Noida,1358,booked,2026-08-30T21:56:14.373892+00:00,Kavita Bansal,+919981916895,customer366@kaushalkonnect.in
492,982,536,Home Cleaning,Delhi,1002,booked,2026-07-07T10:57:05.373892+00:00,Ananya Ghosh,+918112041175,customer536@kaushalkonnect.in
493,806,507,Painting,Greater Noida,934,requested,2026-06-29T02:00:50.373892+00:00,Dev Singh,+916892508053,customer507@kaushalkonnect.in
494,435,405,Home Cleaning,Faridabad,1159,cancelled,2026-08-04T01:27:29.373892+00:00,Yash Sheikh,+918589600690,customer405@kaushalkonnect.in
495,495,42,Plumbing,Noida,1477,requested,2026-06-15T18:55:27.373892+00:00,Ananya Verma,+917337246396,customer42@kaushalkonnect.in
496,695,105,Plumbing,Ghaziabad,1229,completed,2026-06-13T00:13:30.373892+00:00,Sonam Pandey,+917712321716,customer105@kaushalkonnect.in
497,549,59,Carpentry,Greater Noida,2814,requested,2026-08-20T21:27:10.373892+00:00,Divya Shah,+917597693431,customer59@kaushalkonnect.in
498,382,207,Plumbing,Faridabad,2147,completed,2026-07-09T15:25:36.373892+00:00,Ravi Bhatia,+916554956857,customer207@kaushalkonnect.in
499,307,298,Electrical,Delhi,1542,booked,2026-08-13T23:43:47.373892+00:00,Ayush Chauhan,+919171889842,customer298@kaushalkonnect.in
500,272,582,Appliance Repair,Greater Noida,950,cancelled,2026-08-27T04:34:16.373892+00:00,Suman Mishra,+917801734373,customer582@kaushalkonnect.in
501,554,575,Carpentry,Delhi,2442,booked,2026-07-26T07:31:49.373892+00:00,Pradeep Malhotra,+916464688893,customer575@kaushalkonnect.in
502,675,496,Appliance Repair,Gurugram,1533,requested,2026-07-26T05:05:04.373892+00:00,Sakshi Bhardwaj,+918840246972,customer496@kaushalkonnect.in
503,170,518,Appliance Repair,Delhi,2411,requested,2026-07-08T02:10:16.373892+00:00,Shivam Kohli,+917982565130,customer518@kaushalkonnect.in
504,597,330,Painting,Delhi,2147,booked,2026-07-16T15:06:35.373892+00:00,Shivam Chauhan,+919916174719,customer330@kaushalkonnect.in
505,25,64,Painting,Delhi,1503,booked,2026-06-14T12:05:19.373892+00:00,Suman Gupta,+918288239510,customer64@kaushalkonnect.in
506,248,534,Painting,Delhi,1018,booked,2026-08-03T19:12:03.373892+00:00,Riya Ghosh,+916843725341,customer534@kaushalkonnect.in
507,713,553,Carpentry,Ghaziabad,962,requested,2026-07-29T08:58:46.373892+00:00,Arjun Arora,+917042349691,customer553@kaushalkonnect.in
508,902,362,Painting,Noida,1244,completed,2026-08-25T12:25:08.373892+00:00,Ankit Patel,+918864284004,customer362@kaushalkonnect.in
509,511,290,Plumbing,Ghaziabad,855,requested,2026-06-30T03:47:13.373892+00:00,Vivek Bhardwaj,+919055232520,customer290@kaushalkonnect.in
510,111,43,Electrical,Gurugram,1084,cancelled,2026-08-14T07:10:33.373892+00:00,Suraj Sood,+917704601150,customer43@kaushalkonnect.in
511,469,500,Home Cleaning,Faridabad,1618,completed,2026-08-06T03:37:38.373892+00:00,Rohit Das,+919484665303,customer500@kaushalkonnect.in
512,525,555,Home Cleaning,Gurugram,828,booked,2026-07-26T10:38:25.373892+00:00,Ravi Kohli,+917274431723,customer555@kaushalkonnect.in
513,997,475,Electrical,Faridabad,1142,booked,2026-06-27T00:16:57.373892+00:00,Neha Agarwal,+918415812320,customer475@kaushalkonnect.in
514,760,464,Electrical,Gurugram,1010,completed,2026-08-24T17:28:29.373892+00:00,Suman Tiwari,+917180474288,customer464@kaushalkonnect.in
515,102,26,Painting,Ghaziabad,1824,requested,2026-06-27T18:29:18.373892+00:00,Pooja Rawat,+917561657903,customer26@kaushalkonnect.in
516,951,192,Carpentry,Greater Noida,1627,requested,2026-07-31T21:00:32.373892+00:00,Meera Mishra,+917237112342,customer192@kaushalkonnect.in
517,944,586,Appliance Repair,Delhi,2662,completed,2026-09-07T18:55:00.373892+00:00,Rohit Thakur,+918381411361,customer586@kaushalkonnect.in
518,797,533,Electrical,Delhi,1985,completed,2026-07-02T15:00:54.373892+00:00,Suraj Bansal,+919560858267,customer533@kaushalkonnect.in
519,318,404,Carpentry,Delhi,2503,booked,2026-06-27T12:56:52.373892+00:00,Pradeep Reddy,+919225248629,customer404@kaushalkonnect.in
520,327,177,Plumbing,Noida,1201,completed,2026-06-29T01:46:46.373892+00:00,Deepika Rawat,+918124409801,customer177@kaushalkonnect.in
521,852,144,Home Cleaning,Delhi,1319,completed,2026-08-18T21:03:25.373892+00:00,Kavita Malhotra,+918932456218,customer144@kaushalkonnect.in
522,614,193,Home Cleaning,Greater Noida,1184,completed,2026-07-12T17:34:48.373892+00:00,Deepika Jain,+916301811997,customer193@kaushalkonnect.in
523,436,456,Painting,Gurugram,1743,booked,2026-07-08T23:22:18.373892+00:00,Pradeep Rana,+919011963081,customer456@kaushalkonnect.in
524,300,309,Home Cleaning,Noida,719,completed,2026-08-17T22:45:38.373892+00:00,Ashish Qureshi,+917601537906,customer309@kaushalkonnect.in
525,10,306,Painting,Gurugram,1671,requested,2026-07-12T11:43:50.373892+00:00,Kavita Khanna,+918619490253,customer306@kaushalkonnect.in
526,575,295,Carpentry,Noida,1621,booked,2026-08-17T16:16:31.373892+00:00,Sachin Sharma,+918826481746,customer295@kaushalkonnect.in
527,509,59,Home Cleaning,Greater Noida,1042,booked,2026-07-23T12:45:19.373892+00:00,Divya Shah,+917597693431,customer59@kaushalkonnect.in
528,733,496,Appliance Repair,Gurugram,1060,booked,2026-08-18T03:42:00.373892+00:00,Sakshi Bhardwaj,+918840246972,customer496@kaushalkonnect.in
529,781,297,Carpentry,Noida,2012,requested,2026-08-31T00:11:30.373892+00:00,Sanjay Nair,+918617126294,customer297@kaushalkonnect.in
530,981,99,Home Cleaning,Delhi,676,cancelled,2026-07-16T01:56:58.373892+00:00,Ananya Negi,+918751410886,customer99@kaushalkonnect.in
531,855,259,Electrical,Gurugram,1045,booked,2026-08-30T22:46:39.373892+00:00,Akash Chaudhary,+917819242275,customer259@kaushalkonnect.in
532,853,253,Electrical,Gurugram,1517,booked,2026-08-18T09:35:10.373892+00:00,Meera Saxena,+919879003185,customer253@kaushalkonnect.in
533,803,228,Painting,Gurugram,1518,completed,2026-07-06T23:40:39.373892+00:00,Karan Patel,+916494472047,customer228@kaushalkonnect.in
534,478,201,Plumbing,Ghaziabad,1756,requested,2026-07-14T22:59:03.373892+00:00,Rakesh Arora,+919953748741,customer201@kaushalkonnect.in
535,452,278,Painting,Faridabad,922,completed,2026-09-06T13:03:12.373892+00:00,Meera Shah,+917439890077,customer278@kaushalkonnect.in
536,254,556,Plumbing,Ghaziabad,2074,completed,2026-08-29T02:47:29.373892+00:00,Ankit Arora,+918045058451,customer556@kaushalkonnect.in
537,442,239,Home Cleaning,Noida,500,booked,2026-07-20T09:19:59.373892+00:00,Manish Reddy,+917750603384,customer239@kaushalkonnect.in
538,322,30,Home Cleaning,Noida,745,completed,2026-06-14T04:00:19.373892+00:00,Yash Chaudhary,+916131415788,customer30@kaushalkonnect.in
539,631,551,Carpentry,Faridabad,1864,completed,2026-09-01T02:06:24.373892+00:00,Isha Bhardwaj,+917180987106,customer551@kaushalkonnect.in
540,877,211,Painting,Ghaziabad,1826,booked,2026-07-23T13:27:31.373892+00:00,Vivek Qureshi,+917255297557,customer211@kaushalkonnect.in
541,521,166,Electrical,Delhi,1427,requested,2026-07-13T10:16:38.373892+00:00,Neeraj Sharma,+916052441830,customer166@kaushalkonnect.in
542,313,381,Plumbing,Delhi,1110,booked,2026-07-12T20:12:44.373892+00:00,Gaurav Shah,+918155868243,customer381@kaushalkonnect.in
543,670,370,Carpentry,Delhi,1427,requested,2026-06-17T07:27:26.373892+00:00,Pradeep Bisht,+916369601399,customer370@kaushalkonnect.in
544,633,465,Home Cleaning,Noida,1314,booked,2026-07-24T18:40:40.373892+00:00,Rohit Reddy,+919025670633,customer465@kaushalkonnect.in
545,410,429,Home Cleaning,Gurugram,610,booked,2026-08-19T02:32:12.373892+00:00,Yogesh Rana,+917907513866,customer429@kaushalkonnect.in
546,469,214,Home Cleaning,Noida,596,booked,2026-07-21T02:09:59.373892+00:00,Sunil Agarwal,+918658057535,customer214@kaushalkonnect.in
547,452,89,Painting,Noida,869,booked,2026-07-20T17:46:07.373892+00:00,Ayush Das,+918619800391,customer89@kaushalkonnect.in
548,241,202,Painting,Delhi,952,requested,2026-07-04T04:10:43.373892+00:00,Pankaj Qureshi,+916050201757,customer202@kaushalkonnect.in
549,837,599,Home Cleaning,Delhi,1066,completed,2026-08-06T15:44:53.373892+00:00,Rakesh Jain,+916958927181,customer599@kaushalkonnect.in
550,147,533,Home Cleaning,Delhi,584,completed,2026-07-10T11:11:47.373892+00:00,Suraj Bansal,+919560858267,customer533@kaushalkonnect.in
551,399,102,Painting,Delhi,1073,completed,2026-07-21T15:44:06.373892+00:00,Gaurav Mehta,+917364647925,customer102@kaushalkonnect.in
552,788,538,Carpentry,Noida,1507,completed,2026-08-02T20:53:23.373892+00:00,Aditi Mehta,+919656455324,customer538@kaushalkonnect.in
553,845,96,Home Cleaning,Noida,1733,requested,2026-06-17T03:27:23.373892+00:00,Aman Gupta,+916403387491,customer96@kaushalkonnect.in
554,565,187,Plumbing,Noida,2468,booked,2026-08-20T19:51:19.373892+00:00,Pradeep Negi,+917214329566,customer187@kaushalkonnect.in
555,718,562,Home Cleaning,Delhi,1246,cancelled,2026-08-06T05:09:54.373892+00:00,Riya Wadhwa,+919901617358,customer562@kaushalkonnect.in
556,711,302,Home Cleaning,Greater Noida,954,booked,2026-06-12T08:17:11.373892+00:00,Yogesh Khanna,+916508934349,customer302@kaushalkonnect.in
557,709,122,Home Cleaning,Faridabad,1067,booked,2026-07-13T13:20:55.373892+00:00,Yash Agarwal,+917923971217,customer122@kaushalkonnect.in
558,797,79,Electrical,Delhi,1442,booked,2026-07-06T10:26:21.373892+00:00,Amit Joshi,+917611705539,customer79@kaushalkonnect.in
559,342,569,Plumbing,Ghaziabad,1367,requested,2026-08-01T16:34:47.373892+00:00,Mohit Verma,+916634993059,customer569@kaushalkonnect.in
560,972,195,Electrical,Gurugram,1271,requested,2026-09-05T05:07:56.373892+00:00,Shreya Rawat,+916696460283,customer195@kaushalkonnect.in
561,499,313,Painting,Faridabad,1973,requested,2026-08-27T23:16:04.373892+00:00,Rohit Yadav,+917844806452,customer313@kaushalkonnect.in
562,636,235,Home Cleaning,Faridabad,790,requested,2026-07-18T14:57:18.373892+00:00,Riya Yadav,+919039067099,customer235@kaushalkonnect.in
563,952,465,Plumbing,Noida,2170,completed,2026-07-06T14:05:08.373892+00:00,Rohit Reddy,+919025670633,customer465@kaushalkonnect.in
564,524,56,Electrical,Ghaziabad,853,booked,2026-06-29T11:22:21.373892+00:00,Isha Singh,+916572768981,customer56@kaushalkonnect.in
565,239,238,Plumbing,Delhi,2108,completed,2026-07-04T11:54:11.373892+00:00,Kavita Nair,+918708558500,customer238@kaushalkonnect.in
566,897,196,Carpentry,Noida,2206,completed,2026-07-06T06:39:42.373892+00:00,Vivek Ali,+916117799667,customer196@kaushalkonnect.in
567,978,73,Carpentry,Delhi,3671,cancelled,2026-08-13T08:03:02.373892+00:00,Meera Kumar,+917136132628,customer73@kaushalkonnect.in
568,193,518,Home Cleaning,Delhi,1583,completed,2026-08-03T01:41:57.373892+00:00,Shivam Kohli,+917982565130,customer518@kaushalkonnect.in
569,991,195,Appliance Repair,Gurugram,3522,booked,2026-06-29T02:25:32.373892+00:00,Shreya Rawat,+916696460283,customer195@kaushalkonnect.in
570,419,229,Home Cleaning,Noida,966,requested,2026-08-06T10:37:55.373892+00:00,Vinay Gupta,+919808314953,customer229@kaushalkonnect.in
571,218,82,Electrical,Faridabad,2005,booked,2026-07-09T14:46:09.373892+00:00,Shreya Yadav,+916993528518,customer82@kaushalkonnect.in
572,324,454,Painting,Ghaziabad,1004,booked,2026-07-30T05:28:20.373892+00:00,Pradeep Srivastava,+917858814204,customer454@kaushalkonnect.in
573,702,355,Appliance Repair,Delhi,3041,requested,2026-08-06T00:30:48.373892+00:00,Rahul Saini,+919852992624,customer355@kaushalkonnect.in
574,235,27,Painting,Gurugram,1682,completed,2026-06-18T10:29:50.373892+00:00,Sonam Ghosh,+918245125686,customer27@kaushalkonnect.in
575,643,130,Electrical,Noida,1218,completed,2026-07-21T13:00:46.373892+00:00,Neha Saini,+918359561404,customer130@kaushalkonnect.in
576,672,377,Carpentry,Gurugram,1315,completed,2026-07-27T00:58:55.373892+00:00,Aditi Srivastava,+918800376637,customer377@kaushalkonnect.in
577,681,91,Carpentry,Ghaziabad,1834,completed,2026-06-14T21:38:02.373892+00:00,Ananya Thakur,+917658243747,customer91@kaushalkonnect.in
578,559,567,Painting,Delhi,1958,cancelled,2026-08-14T09:53:14.373892+00:00,Ankit Sheikh,+917658527719,customer567@kaushalkonnect.in
579,332,179,Home Cleaning,Ghaziabad,605,requested,2026-07-29T02:37:29.373892+00:00,Priya Dutta,+916829457548,customer179@kaushalkonnect.in
580,579,555,Home Cleaning,Gurugram,904,booked,2026-08-08T14:45:41.373892+00:00,Ravi Kohli,+917274431723,customer555@kaushalkonnect.in
581,895,253,Appliance Repair,Gurugram,2586,booked,2026-07-30T11:05:19.373892+00:00,Meera Saxena,+919879003185,customer253@kaushalkonnect.in
582,742,467,Painting,Delhi,1631,booked,2026-06-27T04:43:37.373892+00:00,Sanjay Ali,+918611965341,customer467@kaushalkonnect.in
583,736,168,Electrical,Noida,1300,requested,2026-06-18T13:24:27.373892+00:00,Sunil Wadhwa,+919410461106,customer168@kaushalkonnect.in
584,269,319,Carpentry,Delhi,1447,completed,2026-07-08T21:48:48.373892+00:00,Divya Agarwal,+916066163974,customer319@kaushalkonnect.in
585,167,309,Electrical,Noida,1103,rejected,2026-06-25T03:06:18.373892+00:00,Ashish Qureshi,+917601537906,customer309@kaushalkonnect.in
586,567,413,Electrical,Delhi,905,rejected,2026-08-19T09:09:48.373892+00:00,Rahul Rana,+916728788460,customer413@kaushalkonnect.in
587,534,460,Home Cleaning,Gurugram,500,booked,2026-08-09T22:48:35.373892+00:00,Rakesh Sheikh,+916441062571,customer460@kaushalkonnect.in
588,877,574,Painting,Delhi,1654,booked,2026-08-18T02:53:47.373892+00:00,Ayush Rawat,+919085644584,customer574@kaushalkonnect.in
589,230,468,Home Cleaning,Ghaziabad,683,completed,2026-07-25T12:48:00.373892+00:00,Karan Khanna,+916112379420,customer468@kaushalkonnect.in
590,250,319,Home Cleaning,Delhi,1505,completed,2026-08-30T11:54:19.373892+00:00,Divya Agarwal,+916066163974,customer319@kaushalkonnect.in
591,299,502,Home Cleaning,Ghaziabad,837,cancelled,2026-09-02T03:55:39.373892+00:00,Ankit Bhardwaj,+918786563563,customer502@kaushalkonnect.in
592,615,406,Appliance Repair,Noida,2489,requested,2026-06-20T05:36:28.373892+00:00,Mohit Ali,+918926770384,customer406@kaushalkonnect.in
593,396,189,Appliance Repair,Greater Noida,2450,completed,2026-08-28T10:35:57.373892+00:00,Mohit Roy,+918455755597,customer189@kaushalkonnect.in
594,40,114,Electrical,Ghaziabad,1356,completed,2026-08-05T18:06:02.373892+00:00,Shreya Chaudhary,+918253113101,customer114@kaushalkonnect.in
595,425,112,Plumbing,Delhi,1069,requested,2026-06-27T07:01:31.373892+00:00,Arjun Wadhwa,+919666901867,customer112@kaushalkonnect.in
596,484,216,Electrical,Noida,925,requested,2026-07-14T05:48:28.373892+00:00,Mohit Rao,+918547854797,customer216@kaushalkonnect.in
597,443,560,Carpentry,Delhi,2839,completed,2026-07-30T12:04:39.373892+00:00,Pradeep Menon,+919319371669,customer560@kaushalkonnect.in
598,815,175,Carpentry,Delhi,1851,booked,2026-06-28T06:04:03.373892+00:00,Neha Sheikh,+916566337470,customer175@kaushalkonnect.in
599,279,36,Home Cleaning,Faridabad,1227,requested,2026-06-30T15:44:42.373892+00:00,Sachin Dutta,+919322371606,customer36@kaushalkonnect.in
600,170,300,Appliance Repair,Gurugram,3215,booked,2026-07-27T22:10:58.373892+00:00,Rakesh Kapoor,+916720285861,customer300@kaushalkonnect.in
601,220,335,Home Cleaning,Faridabad,1628,booked,2026-08-06T04:28:56.373892+00:00,Shreya Das,+917309578108,customer335@kaushalkonnect.in
602,188,436,Electrical,Gurugram,1971,booked,2026-07-09T17:32:22.373892+00:00,Dev Sheikh,+918057241978,customer436@kaushalkonnect.in
603,963,544,Painting,Greater Noida,1432,completed,2026-07-25T21:53:22.373892+00:00,Amit Thakur,+918902001626,customer544@kaushalkonnect.in
604,871,587,Plumbing,Delhi,1116,rejected,2026-08-26T10:10:06.373892+00:00,Vivek Negi,+916220439054,customer587@kaushalkonnect.in
605,19,390,Painting,Delhi,1105,booked,2026-08-13T20:57:29.373892+00:00,Neha Arora,+918665113514,customer390@kaushalkonnect.in
606,646,167,Plumbing,Noida,1418,booked,2026-08-02T20:55:43.373892+00:00,Naman Bansal,+919290222030,customer167@kaushalkonnect.in
607,837,203,Home Cleaning,Faridabad,786,booked,2026-06-29T05:03:55.373892+00:00,Deepika Dutta,+917997223118,customer203@kaushalkonnect.in
608,230,28,Home Cleaning,Ghaziabad,912,booked,2026-06-14T13:55:21.373892+00:00,Karan Kumar,+918917158636,customer28@kaushalkonnect.in
609,831,12,Carpentry,Delhi,2074,completed,2026-07-18T08:10:08.373892+00:00,Shreya Gupta,+919757368839,customer12@kaushalkonnect.in
610,918,128,Plumbing,Gurugram,1733,booked,2026-07-19T20:57:11.373892+00:00,Sanjay Rawat,+918586491298,customer128@kaushalkonnect.in
611,467,343,Appliance Repair,Delhi,2024,completed,2026-09-01T10:43:01.373892+00:00,Pooja Arora,+917678644017,customer343@kaushalkonnect.in
612,114,303,Painting,Noida,1644,booked,2026-08-30T09:15:41.373892+00:00,Aman Menon,+918072606082,customer303@kaushalkonnect.in
613,828,371,Painting,Greater Noida,1240,booked,2026-07-06T20:36:04.373892+00:00,Gaurav Jain,+918010351544,customer371@kaushalkonnect.in
614,47,521,Electrical,Faridabad,1504,cancelled,2026-07-17T23:27:43.373892+00:00,Akash Kohli,+918199179734,customer521@kaushalkonnect.in
615,90,37,Home Cleaning,Delhi,658,cancelled,2026-09-05T00:46:45.373892+00:00,Dev Sharma,+919627427962,customer37@kaushalkonnect.in
616,756,463,Electrical,Delhi,1236,booked,2026-09-02T04:58:04.373892+00:00,Siddharth Iyer,+919869412403,customer463@kaushalkonnect.in
617,516,529,Electrical,Delhi,999,completed,2026-08-12T01:52:57.373892+00:00,Yogesh Patel,+917198023595,customer529@kaushalkonnect.in
618,556,7,Home Cleaning,Delhi,943,booked,2026-06-13T12:54:46.373892+00:00,Vinay Ansari,+916749555995,customer7@kaushalkonnect.in
619,801,49,Appliance Repair,Ghaziabad,1329,completed,2026-09-07T15:03:10.373892+00:00,Suman Arora,+918743761651,customer49@kaushalkonnect.in
620,792,355,Home Cleaning,Delhi,794,booked,2026-06-26T03:15:37.373892+00:00,Rahul Saini,+919852992624,customer355@kaushalkonnect.in
621,1001,133,Plumbing,Delhi,2422,booked,2026-08-21T03:17:05.373892+00:00,Sunil Chauhan,+917926050435,customer133@kaushalkonnect.in
622,890,49,Appliance Repair,Ghaziabad,1367,completed,2026-07-25T00:06:44.373892+00:00,Suman Arora,+918743761651,customer49@kaushalkonnect.in
623,123,42,Home Cleaning,Noida,798,completed,2026-08-23T10:51:21.373892+00:00,Ananya Verma,+917337246396,customer42@kaushalkonnect.in
624,410,574,Home Cleaning,Delhi,1573,completed,2026-09-04T11:40:25.373892+00:00,Ayush Rawat,+919085644584,customer574@kaushalkonnect.in
625,830,364,Electrical,Greater Noida,600,requested,2026-08-08T06:37:08.373892+00:00,Mohit Reddy,+916384701713,customer364@kaushalkonnect.in
626,916,17,Appliance Repair,Noida,3130,requested,2026-06-25T19:28:38.373892+00:00,Kavita Patel,+919950452761,customer17@kaushalkonnect.in
627,168,62,Plumbing,Ghaziabad,1067,booked,2026-07-29T00:37:13.373892+00:00,Akash Tiwari,+917618890194,customer62@kaushalkonnect.in
628,731,425,Painting,Ghaziabad,1976,requested,2026-06-30T05:36:58.373892+00:00,Nisha Jain,+917677283641,customer425@kaushalkonnect.in
629,601,472,Plumbing,Noida,733,completed,2026-06-18T17:14:13.373892+00:00,Sameer Srivastava,+917649879966,customer472@kaushalkonnect.in
630,369,342,Painting,Faridabad,800,completed,2026-09-04T04:28:25.373892+00:00,Dev Saxena,+917004024554,customer342@kaushalkonnect.in
631,261,519,Carpentry,Delhi,2777,requested,2026-07-24T09:09:06.373892+00:00,Meera Pandey,+919891734613,customer519@kaushalkonnect.in
632,603,192,Carpentry,Greater Noida,1537,requested,2026-07-22T14:33:58.373892+00:00,Meera Mishra,+917237112342,customer192@kaushalkonnect.in
633,55,439,Carpentry,Gurugram,2874,booked,2026-08-10T13:45:13.373892+00:00,Arnav Reddy,+918734250923,customer439@kaushalkonnect.in
634,240,248,Plumbing,Greater Noida,1201,requested,2026-06-13T10:54:40.373892+00:00,Arnav Khan,+916696602547,customer248@kaushalkonnect.in
635,644,539,Electrical,Ghaziabad,908,completed,2026-06-26T06:12:34.373892+00:00,Yash Rao,+919845765673,customer539@kaushalkonnect.in
636,346,233,Plumbing,Delhi,1662,rejected,2026-09-09T13:42:47.373892+00:00,Arnav Ansari,+917807762986,customer233@kaushalkonnect.in
637,746,284,Painting,Noida,1268,requested,2026-06-20T18:54:39.373892+00:00,Nisha Negi,+916918387884,customer284@kaushalkonnect.in
638,633,426,Home Cleaning,Faridabad,560,completed,2026-08-28T03:59:41.373892+00:00,Rahul Kumar,+918620803554,customer426@kaushalkonnect.in
639,149,17,Electrical,Noida,1339,cancelled,2026-06-17T15:02:15.373892+00:00,Kavita Patel,+919950452761,customer17@kaushalkonnect.in
640,9,221,Electrical,Delhi,1994,booked,2026-07-22T23:53:39.373892+00:00,Dev Joshi,+917613763916,customer221@kaushalkonnect.in
641,175,29,Appliance Repair,Delhi,1497,rejected,2026-07-20T14:39:12.373892+00:00,Vivek Shah,+916302207410,customer29@kaushalkonnect.in
642,393,55,Carpentry,Greater Noida,2410,requested,2026-09-07T19:58:43.373892+00:00,Kavita Chauhan,+918270219411,customer55@kaushalkonnect.in
643,129,558,Carpentry,Delhi,1140,completed,2026-07-21T10:07:42.373892+00:00,Vikram Dutta,+918615549552,customer558@kaushalkonnect.in
644,164,502,Home Cleaning,Ghaziabad,1088,requested,2026-08-05T10:18:49.373892+00:00,Ankit Bhardwaj,+918786563563,customer502@kaushalkonnect.in
645,65,244,Appliance Repair,Noida,2144,booked,2026-07-06T14:31:14.373892+00:00,Bhavna Naidu,+918645996516,customer244@kaushalkonnect.in
646,860,230,Home Cleaning,Noida,928,booked,2026-07-07T23:31:48.373892+00:00,Riya Sheikh,+917764133229,customer230@kaushalkonnect.in
647,192,55,Painting,Greater Noida,1385,booked,2026-06-30T10:31:31.373892+00:00,Kavita Chauhan,+918270219411,customer55@kaushalkonnect.in
648,304,345,Painting,Delhi,1957,requested,2026-08-19T00:53:45.373892+00:00,Arnav Jain,+917137990400,customer345@kaushalkonnect.in
649,754,513,Painting,Noida,932,booked,2026-08-10T22:19:54.373892+00:00,Yogesh Arora,+917492716523,customer513@kaushalkonnect.in
650,910,285,Home Cleaning,Noida,1441,booked,2026-07-16T21:36:07.373892+00:00,Manish Khan,+917897003300,customer285@kaushalkonnect.in
651,463,2,Appliance Repair,Delhi,2098,booked,2026-06-14T01:03:10.373892+00:00,Gaurav Rawat,+916076029990,customer2@kaushalkonnect.in
652,409,563,Carpentry,Delhi,2159,completed,2026-08-21T19:27:07.373892+00:00,Sameer Bhatia,+916401040985,customer563@kaushalkonnect.in
653,321,21,Appliance Repair,Faridabad,2258,completed,2026-07-30T22:43:51.373892+00:00,Naman Ansari,+918834023769,customer21@kaushalkonnect.in
654,644,528,Electrical,Delhi,1379,completed,2026-09-07T08:45:50.373892+00:00,Sachin Kumar,+919357438176,customer528@kaushalkonnect.in
655,51,192,Plumbing,Greater Noida,875,booked,2026-06-26T20:10:41.373892+00:00,Meera Mishra,+917237112342,customer192@kaushalkonnect.in
656,504,38,Plumbing,Noida,1358,rejected,2026-06-26T19:46:23.373892+00:00,Vivek Khanna,+916955463077,customer38@kaushalkonnect.in
657,628,360,Carpentry,Noida,2284,completed,2026-08-05T15:20:56.373892+00:00,Deepika Saini,+919155999434,customer360@kaushalkonnect.in
658,365,371,Plumbing,Greater Noida,1212,completed,2026-07-20T08:35:05.373892+00:00,Gaurav Jain,+918010351544,customer371@kaushalkonnect.in
659,383,406,Appliance Repair,Noida,2694,booked,2026-09-05T08:22:23.373892+00:00,Mohit Ali,+918926770384,customer406@kaushalkonnect.in
660,640,100,Electrical,Delhi,1443,booked,2026-07-18T12:46:50.373892+00:00,Shivam Sharma,+919798846461,customer100@kaushalkonnect.in
661,336,196,Electrical,Noida,1531,requested,2026-07-23T02:20:31.373892+00:00,Vivek Ali,+916117799667,customer196@kaushalkonnect.in
662,546,518,Appliance Repair,Delhi,2262,booked,2026-07-13T23:12:01.373892+00:00,Shivam Kohli,+917982565130,customer518@kaushalkonnect.in
663,874,464,Appliance Repair,Gurugram,2169,booked,2026-07-03T18:41:28.373892+00:00,Suman Tiwari,+917180474288,customer464@kaushalkonnect.in
664,705,86,Carpentry,Ghaziabad,877,requested,2026-07-17T23:46:50.373892+00:00,Neha Iyer,+918364855851,customer86@kaushalkonnect.in
665,38,204,Electrical,Delhi,1925,cancelled,2026-08-11T07:19:16.373892+00:00,Rakesh Mishra,+918137619980,customer204@kaushalkonnect.in
666,182,205,Plumbing,Faridabad,2500,cancelled,2026-06-29T22:43:01.373892+00:00,Vivek Kapoor,+917303160507,customer205@kaushalkonnect.in
667,700,330,Home Cleaning,Delhi,585,booked,2026-09-05T13:15:58.373892+00:00,Shivam Chauhan,+919916174719,customer330@kaushalkonnect.in
668,24,570,Carpentry,Gurugram,2651,booked,2026-07-10T23:32:03.373892+00:00,Naman Das,+918558291200,customer570@kaushalkonnect.in
669,894,265,Electrical,Noida,1089,completed,2026-07-26T21:38:46.373892+00:00,Pooja Bisht,+916731079638,customer265@kaushalkonnect.in
670,404,587,Electrical,Delhi,887,requested,2026-09-04T12:03:24.373892+00:00,Vivek Negi,+916220439054,customer587@kaushalkonnect.in
671,825,544,Home Cleaning,Greater Noida,931,booked,2026-08-11T11:35:36.373892+00:00,Amit Thakur,+918902001626,customer544@kaushalkonnect.in
672,672,530,Carpentry,Gurugram,2616,completed,2026-07-26T22:46:26.373892+00:00,Rahul Patel,+918088665239,customer530@kaushalkonnect.in
673,467,195,Appliance Repair,Gurugram,2941,rejected,2026-08-16T08:30:18.373892+00:00,Shreya Rawat,+916696460283,customer195@kaushalkonnect.in
674,617,286,Plumbing,Faridabad,1199,requested,2026-08-03T03:43:35.373892+00:00,Nisha Pandey,+916412262891,customer286@kaushalkonnect.in
675,508,359,Appliance Repair,Noida,1121,cancelled,2026-06-30T06:12:45.373892+00:00,Naman Thakur,+918857452602,customer359@kaushalkonnect.in
676,153,95,Electrical,Noida,1570,completed,2026-07-19T19:22:08.373892+00:00,Yogesh Verma,+916858393421,customer95@kaushalkonnect.in
677,522,207,Plumbing,Faridabad,1433,cancelled,2026-08-07T03:13:33.373892+00:00,Ravi Bhatia,+916554956857,customer207@kaushalkonnect.in
678,150,600,Appliance Repair,Noida,1494,booked,2026-08-05T11:07:36.373892+00:00,Vikram Nair,+917497239865,customer600@kaushalkonnect.in
679,823,584,Electrical,Faridabad,1197,completed,2026-08-05T14:11:59.373892+00:00,Neha Verma,+918053138003,customer584@kaushalkonnect.in
680,924,84,Painting,Gurugram,2229,booked,2026-06-16T08:29:03.373892+00:00,Sachin Ali,+917690825404,customer84@kaushalkonnect.in
681,694,27,Plumbing,Gurugram,1918,completed,2026-06-27T07:29:29.373892+00:00,Sonam Ghosh,+918245125686,customer27@kaushalkonnect.in
682,970,176,Painting,Delhi,2648,booked,2026-07-21T03:15:45.373892+00:00,Sachin Yadav,+918403599033,customer176@kaushalkonnect.in
683,183,465,Electrical,Noida,1207,completed,2026-08-20T23:16:06.373892+00:00,Rohit Reddy,+919025670633,customer465@kaushalkonnect.in
684,463,559,Appliance Repair,Noida,739,cancelled,2026-07-02T09:56:16.373892+00:00,Arnav Ghosh,+917798176207,customer559@kaushalkonnect.in
685,284,460,Plumbing,Gurugram,1227,cancelled,2026-06-13T17:24:49.373892+00:00,Rakesh Sheikh,+916441062571,customer460@kaushalkonnect.in
686,213,236,Plumbing,Delhi,2309,requested,2026-07-08T01:41:28.373892+00:00,Sonam Malhotra,+918250489029,customer236@kaushalkonnect.in
687,441,32,Electrical,Delhi,3000,requested,2026-07-10T00:34:33.373892+00:00,Isha Saini,+918934731186,customer32@kaushalkonnect.in
688,990,17,Appliance Repair,Noida,2690,cancelled,2026-07-04T11:09:56.373892+00:00,Kavita Patel,+919950452761,customer17@kaushalkonnect.in
689,489,224,Home Cleaning,Noida,757,completed,2026-07-11T01:29:00.373892+00:00,Ravi Joshi,+916530706667,customer224@kaushalkonnect.in
690,667,332,Plumbing,Greater Noida,1870,booked,2026-06-29T23:59:25.373892+00:00,Rahul Iyer,+917293135776,customer332@kaushalkonnect.in
691,415,33,Painting,Noida,1212,cancelled,2026-07-17T04:50:29.373892+00:00,Anil Sheikh,+918219070237,customer33@kaushalkonnect.in
692,514,408,Plumbing,Ghaziabad,1901,rejected,2026-07-15T00:11:38.373892+00:00,Karan Bhardwaj,+919735136806,customer408@kaushalkonnect.in
693,81,460,Electrical,Gurugram,1520,booked,2026-07-05T02:08:18.373892+00:00,Rakesh Sheikh,+916441062571,customer460@kaushalkonnect.in
694,367,372,Carpentry,Delhi,886,booked,2026-06-27T17:10:40.373892+00:00,Anil Malhotra,+917785272762,customer372@kaushalkonnect.in
695,814,401,Painting,Gurugram,1060,booked,2026-08-03T00:13:48.373892+00:00,Sachin Thakur,+917942075259,customer401@kaushalkonnect.in
696,545,308,Carpentry,Delhi,1218,requested,2026-09-04T14:32:41.373892+00:00,Anil Bisht,+918905824524,customer308@kaushalkonnect.in
697,731,544,Painting,Greater Noida,1501,requested,2026-07-10T10:30:02.373892+00:00,Amit Thakur,+918902001626,customer544@kaushalkonnect.in
698,333,554,Home Cleaning,Delhi,689,requested,2026-07-26T20:00:51.373892+00:00,Akash Kumar,+919143990412,customer554@kaushalkonnect.in
699,317,15,Home Cleaning,Delhi,784,completed,2026-06-12T15:50:59.373892+00:00,Simran Tiwari,+918397341987,customer15@kaushalkonnect.in
700,849,207,Plumbing,Faridabad,969,completed,2026-06-13T01:46:13.373892+00:00,Ravi Bhatia,+916554956857,customer207@kaushalkonnect.in
701,166,171,Home Cleaning,Greater Noida,1138,booked,2026-08-02T22:09:13.373892+00:00,Deepika Patel,+917590139016,customer171@kaushalkonnect.in
702,734,317,Appliance Repair,Gurugram,3055,requested,2026-08-21T13:36:13.373892+00:00,Vivek Patel,+917140868405,customer317@kaushalkonnect.in
703,696,596,Painting,Ghaziabad,2626,booked,2026-07-11T19:29:51.373892+00:00,Siddharth Malhotra,+919932783376,customer596@kaushalkonnect.in
704,797,303,Electrical,Noida,667,booked,2026-07-06T06:05:14.373892+00:00,Aman Menon,+918072606082,customer303@kaushalkonnect.in
705,726,38,Appliance Repair,Noida,2830,completed,2026-07-10T14:46:07.373892+00:00,Vivek Khanna,+916955463077,customer38@kaushalkonnect.in
706,300,431,Home Cleaning,Noida,1458,booked,2026-07-01T04:35:08.373892+00:00,Shivam Iyer,+918565305233,customer431@kaushalkonnect.in
707,266,196,Home Cleaning,Noida,621,booked,2026-07-31T23:03:11.373892+00:00,Vivek Ali,+916117799667,customer196@kaushalkonnect.in
708,209,2,Painting,Delhi,1342,booked,2026-09-07T13:45:37.373892+00:00,Gaurav Rawat,+916076029990,customer2@kaushalkonnect.in
709,468,189,Electrical,Greater Noida,2554,requested,2026-08-22T10:40:25.373892+00:00,Mohit Roy,+918455755597,customer189@kaushalkonnect.in
710,350,12,Electrical,Delhi,943,requested,2026-08-31T09:19:02.373892+00:00,Shreya Gupta,+919757368839,customer12@kaushalkonnect.in
711,727,281,Electrical,Gurugram,822,requested,2026-06-17T16:38:23.373892+00:00,Sanjay Rao,+917747847178,customer281@kaushalkonnect.in
712,163,548,Appliance Repair,Delhi,2798,completed,2026-07-16T13:28:31.373892+00:00,Deepak Rana,+918737510695,customer548@kaushalkonnect.in
713,923,88,Painting,Delhi,1805,completed,2026-08-27T06:24:06.373892+00:00,Mohit Mishra,+918809716568,customer88@kaushalkonnect.in
714,958,326,Carpentry,Delhi,1917,completed,2026-08-30T01:44:36.373892+00:00,Sonam Rawat,+916404414288,customer326@kaushalkonnect.in
715,451,116,Home Cleaning,Delhi,913,requested,2026-07-21T20:23:30.373892+00:00,Vivek Sheikh,+919824113525,customer116@kaushalkonnect.in
716,966,489,Appliance Repair,Greater Noida,2186,completed,2026-06-29T17:09:08.373892+00:00,Isha Patel,+916812025822,customer489@kaushalkonnect.in
717,344,573,Home Cleaning,Delhi,1520,completed,2026-06-30T21:40:00.373892+00:00,Kunal Tiwari,+917368316458,customer573@kaushalkonnect.in
718,211,231,Appliance Repair,Faridabad,1340,booked,2026-06-27T15:47:52.373892+00:00,Kunal Bhardwaj,+916344412499,customer231@kaushalkonnect.in
719,745,80,Painting,Delhi,1061,booked,2026-07-26T23:20:01.373892+00:00,Aman Mehta,+916450588002,customer80@kaushalkonnect.in
720,256,564,Home Cleaning,Delhi,1248,requested,2026-07-01T09:52:33.373892+00:00,Riya Saxena,+919709990970,customer564@kaushalkonnect.in
721,515,216,Carpentry,Noida,2176,requested,2026-06-30T11:41:03.373892+00:00,Mohit Rao,+918547854797,customer216@kaushalkonnect.in
722,626,326,Painting,Delhi,1192,booked,2026-08-22T18:39:03.373892+00:00,Sonam Rawat,+916404414288,customer326@kaushalkonnect.in
723,438,185,Carpentry,Delhi,1118,booked,2026-07-28T08:31:09.373892+00:00,Arjun Sheikh,+916151530993,customer185@kaushalkonnect.in
724,289,115,Painting,Delhi,800,requested,2026-07-10T04:26:22.373892+00:00,Pooja Thakur,+918947492431,customer115@kaushalkonnect.in
725,57,314,Carpentry,Noida,2543,cancelled,2026-07-24T02:43:53.373892+00:00,Sakshi Verma,+919858809607,customer314@kaushalkonnect.in
726,222,3,Appliance Repair,Faridabad,3404,rejected,2026-07-25T01:53:44.373892+00:00,Anil Arora,+916589522046,customer3@kaushalkonnect.in
727,838,145,Appliance Repair,Ghaziabad,2143,completed,2026-08-04T00:56:19.373892+00:00,Ananya Saxena,+918652944139,customer145@kaushalkonnect.in
728,678,381,Carpentry,Delhi,1850,rejected,2026-07-11T19:27:33.373892+00:00,Gaurav Shah,+918155868243,customer381@kaushalkonnect.in
729,414,59,Carpentry,Greater Noida,1734,requested,2026-07-20T16:15:05.373892+00:00,Divya Shah,+917597693431,customer59@kaushalkonnect.in
730,481,202,Electrical,Delhi,1219,completed,2026-06-25T22:00:18.373892+00:00,Pankaj Qureshi,+916050201757,customer202@kaushalkonnect.in
731,356,279,Painting,Ghaziabad,1395,cancelled,2026-07-07T11:27:31.373892+00:00,Karan Pandey,+919981742462,customer279@kaushalkonnect.in
732,441,101,Electrical,Noida,1238,booked,2026-06-16T23:54:42.373892+00:00,Riya Menon,+919439724839,customer101@kaushalkonnect.in
733,536,53,Appliance Repair,Gurugram,1810,requested,2026-08-26T10:58:42.373892+00:00,Vinay Menon,+918174675907,customer53@kaushalkonnect.in
734,275,560,Carpentry,Delhi,877,requested,2026-06-30T22:10:57.373892+00:00,Pradeep Menon,+919319371669,customer560@kaushalkonnect.in
735,413,496,Carpentry,Gurugram,1732,cancelled,2026-06-12T21:04:22.373892+00:00,Sakshi Bhardwaj,+918840246972,customer496@kaushalkonnect.in
736,834,263,Painting,Greater Noida,1911,rejected,2026-09-03T06:18:53.373892+00:00,Anjali Ali,+919195555492,customer263@kaushalkonnect.in
737,278,396,Carpentry,Noida,3089,booked,2026-08-09T05:28:03.373892+00:00,Rohit Sharma,+917357387381,customer396@kaushalkonnect.in
738,547,318,Carpentry,Gurugram,1454,cancelled,2026-07-24T01:45:17.373892+00:00,Anjali Iyer,+917414706872,customer318@kaushalkonnect.in
739,358,496,Home Cleaning,Gurugram,701,booked,2026-06-15T11:42:15.373892+00:00,Sakshi Bhardwaj,+918840246972,customer496@kaushalkonnect.in
740,282,436,Home Cleaning,Gurugram,631,booked,2026-07-30T11:01:55.373892+00:00,Dev Sheikh,+918057241978,customer436@kaushalkonnect.in
741,244,406,Electrical,Noida,1239,completed,2026-07-01T13:59:58.373892+00:00,Mohit Ali,+918926770384,customer406@kaushalkonnect.in
742,280,157,Electrical,Ghaziabad,1372,booked,2026-07-11T17:32:01.373892+00:00,Aman Tripathi,+917631773114,customer157@kaushalkonnect.in
743,491,54,Carpentry,Ghaziabad,2816,completed,2026-06-22T21:53:44.373892+00:00,Raj Khan,+918985240835,customer54@kaushalkonnect.in
744,588,133,Plumbing,Delhi,1352,booked,2026-07-24T18:18:51.373892+00:00,Sunil Chauhan,+917926050435,customer133@kaushalkonnect.in
745,161,584,Home Cleaning,Faridabad,1245,requested,2026-07-21T02:49:49.373892+00:00,Neha Verma,+918053138003,customer584@kaushalkonnect.in
746,929,534,Home Cleaning,Delhi,585,booked,2026-07-02T15:08:18.373892+00:00,Riya Ghosh,+916843725341,customer534@kaushalkonnect.in
747,588,241,Plumbing,Delhi,600,booked,2026-08-15T23:15:09.373892+00:00,Raj Sharma,+917385386091,customer241@kaushalkonnect.in
748,33,24,Appliance Repair,Ghaziabad,1201,requested,2026-06-23T19:58:02.373892+00:00,Kunal Saini,+916179038084,customer24@kaushalkonnect.in
749,703,93,Plumbing,Delhi,1170,cancelled,2026-08-05T22:39:38.373892+00:00,Manish Verma,+917902178610,customer93@kaushalkonnect.in
750,676,469,Electrical,Gurugram,1559,rejected,2026-09-04T04:07:13.373892+00:00,Priya Bhatia,+917178690535,customer469@kaushalkonnect.in
751,819,581,Home Cleaning,Gurugram,730,booked,2026-07-12T04:41:05.373892+00:00,Aditi Dutta,+918797914481,customer581@kaushalkonnect.in
752,449,400,Home Cleaning,Noida,1679,completed,2026-08-23T21:26:19.373892+00:00,Vikram Bisht,+917609251836,customer400@kaushalkonnect.in
753,403,158,Appliance Repair,Delhi,2082,booked,2026-08-28T07:48:32.373892+00:00,Dev Kohli,+918147078140,customer158@kaushalkonnect.in
754,352,218,Carpentry,Gurugram,2362,requested,2026-08-17T19:23:48.373892+00:00,Kavita Tripathi,+918352781349,customer218@kaushalkonnect.in
755,561,355,Appliance Repair,Delhi,1835,booked,2026-08-05T14:12:42.373892+00:00,Rahul Saini,+919852992624,customer355@kaushalkonnect.in
756,777,338,Appliance Repair,Delhi,3112,completed,2026-07-06T18:22:30.373892+00:00,Ayush Naidu,+918851325470,customer338@kaushalkonnect.in
757,530,355,Plumbing,Delhi,1316,booked,2026-08-26T20:29:23.373892+00:00,Rahul Saini,+919852992624,customer355@kaushalkonnect.in
758,83,68,Appliance Repair,Faridabad,1662,booked,2026-08-28T09:23:02.373892+00:00,Vinay Chauhan,+917982254664,customer68@kaushalkonnect.in
759,486,517,Appliance Repair,Noida,2787,booked,2026-08-09T20:10:04.373892+00:00,Aman Agarwal,+916999487864,customer517@kaushalkonnect.in
760,373,66,Appliance Repair,Noida,2166,booked,2026-08-15T11:41:00.373892+00:00,Sonam Agarwal,+917765146694,customer66@kaushalkonnect.in
761,82,324,Plumbing,Gurugram,1431,cancelled,2026-06-26T23:11:29.373892+00:00,Meera Ali,+919522822461,customer324@kaushalkonnect.in
762,43,144,Plumbing,Delhi,734,completed,2026-08-13T01:29:11.373892+00:00,Kavita Malhotra,+918932456218,customer144@kaushalkonnect.in
763,679,308,Plumbing,Delhi,1584,cancelled,2026-07-20T20:18:13.373892+00:00,Anil Bisht,+918905824524,customer308@kaushalkonnect.in
764,162,498,Plumbing,Delhi,1642,booked,2026-08-23T00:42:46.373892+00:00,Shreya Thakur,+918616624771,customer498@kaushalkonnect.in
765,917,384,Electrical,Ghaziabad,983,cancelled,2026-07-27T09:05:03.373892+00:00,Kunal Khanna,+918718296522,customer384@kaushalkonnect.in
766,799,91,Plumbing,Ghaziabad,1334,completed,2026-06-23T13:13:18.373892+00:00,Ananya Thakur,+917658243747,customer91@kaushalkonnect.in
767,79,2,Appliance Repair,Delhi,2037,booked,2026-07-11T06:11:34.373892+00:00,Gaurav Rawat,+916076029990,customer2@kaushalkonnect.in
768,928,584,Plumbing,Faridabad,1570,cancelled,2026-07-26T13:41:33.373892+00:00,Neha Verma,+918053138003,customer584@kaushalkonnect.in
769,408,24,Appliance Repair,Ghaziabad,1972,cancelled,2026-07-29T07:17:58.373892+00:00,Kunal Saini,+916179038084,customer24@kaushalkonnect.in
770,298,7,Appliance Repair,Delhi,2529,requested,2026-06-29T14:06:05.373892+00:00,Vinay Ansari,+916749555995,customer7@kaushalkonnect.in
771,31,421,Carpentry,Delhi,1464,booked,2026-07-19T04:04:15.373892+00:00,Amit Yadav,+918515651587,customer421@kaushalkonnect.in
772,714,322,Electrical,Ghaziabad,2092,booked,2026-08-26T20:33:41.373892+00:00,Aman Bhardwaj,+917315659356,customer322@kaushalkonnect.in
773,637,243,Home Cleaning,Delhi,933,requested,2026-08-07T06:28:42.373892+00:00,Simran Patel,+916190863624,customer243@kaushalkonnect.in
774,964,241,Home Cleaning,Delhi,820,rejected,2026-09-06T04:00:57.373892+00:00,Raj Sharma,+917385386091,customer241@kaushalkonnect.in
775,786,389,Carpentry,Delhi,1945,completed,2026-07-04T03:53:05.373892+00:00,Sunil Gupta,+919325012863,customer389@kaushalkonnect.in
776,812,437,Carpentry,Delhi,2509,booked,2026-08-24T13:25:39.373892+00:00,Raj Dutta,+919420631775,customer437@kaushalkonnect.in
777,118,459,Appliance Repair,Ghaziabad,1299,requested,2026-06-16T22:50:59.373892+00:00,Kunal Kohli,+916675992343,customer459@kaushalkonnect.in
778,11,142,Electrical,Delhi,968,rejected,2026-08-16T07:46:11.373892+00:00,Deepak Negi,+916885031394,customer142@kaushalkonnect.in
779,376,323,Painting,Gurugram,1780,completed,2026-06-24T08:08:17.373892+00:00,Nikhil Saini,+919877729235,customer323@kaushalkonnect.in
780,961,513,Painting,Noida,1516,booked,2026-07-18T05:00:30.373892+00:00,Yogesh Arora,+917492716523,customer513@kaushalkonnect.in
781,508,379,Appliance Repair,Noida,1802,cancelled,2026-07-17T03:14:33.373892+00:00,Vikram Tiwari,+919979181543,customer379@kaushalkonnect.in
782,239,327,Plumbing,Gurugram,1833,booked,2026-09-07T06:47:54.373892+00:00,Isha Rao,+916865397947,customer327@kaushalkonnect.in
783,986,449,Painting,Noida,1990,cancelled,2026-07-13T02:23:16.373892+00:00,Dev Iyer,+918327437095,customer449@kaushalkonnect.in
784,535,284,Carpentry,Noida,2360,requested,2026-09-01T13:16:24.373892+00:00,Nisha Negi,+916918387884,customer284@kaushalkonnect.in
785,314,300,Appliance Repair,Gurugram,2229,rejected,2026-07-26T06:09:11.373892+00:00,Rakesh Kapoor,+916720285861,customer300@kaushalkonnect.in
786,645,307,Plumbing,Gurugram,1444,requested,2026-07-01T07:00:58.373892+00:00,Ayush Sharma,+917471001363,customer307@kaushalkonnect.in
787,325,450,Plumbing,Ghaziabad,1487,requested,2026-08-29T00:13:39.373892+00:00,Neeraj Agarwal,+918470253822,customer450@kaushalkonnect.in
788,903,50,Plumbing,Greater Noida,2082,booked,2026-08-27T04:30:23.373892+00:00,Rahul Reddy,+917484432800,customer50@kaushalkonnect.in
789,829,223,Electrical,Ghaziabad,2305,requested,2026-08-27T03:37:03.373892+00:00,Dev Pandey,+917594328495,customer223@kaushalkonnect.in
790,272,323,Appliance Repair,Gurugram,700,booked,2026-07-09T13:24:31.373892+00:00,Nikhil Saini,+919877729235,customer323@kaushalkonnect.in
791,761,103,Plumbing,Faridabad,1894,cancelled,2026-07-13T16:20:32.373892+00:00,Aditi Yadav,+916489712850,customer103@kaushalkonnect.in
792,941,537,Appliance Repair,Delhi,1393,completed,2026-07-12T19:22:12.373892+00:00,Karan Kohli,+919415864604,customer537@kaushalkonnect.in
793,921,598,Painting,Ghaziabad,2119,cancelled,2026-08-06T03:23:31.373892+00:00,Amit Pandey,+917674395570,customer598@kaushalkonnect.in
794,733,116,Appliance Repair,Delhi,1318,booked,2026-07-19T23:06:20.373892+00:00,Vivek Sheikh,+919824113525,customer116@kaushalkonnect.in
795,903,485,Plumbing,Gurugram,2207,booked,2026-06-26T22:29:25.373892+00:00,Ravi Ansari,+917796008813,customer485@kaushalkonnect.in
796,373,382,Appliance Repair,Noida,2226,requested,2026-07-31T12:41:13.373892+00:00,Pradeep Chaudhary,+916130947138,customer382@kaushalkonnect.in
797,571,418,Appliance Repair,Delhi,4056,completed,2026-08-28T12:14:47.373892+00:00,Vinay Srivastava,+919267599617,customer418@kaushalkonnect.in
798,753,315,Painting,Delhi,1280,booked,2026-06-29T03:46:41.373892+00:00,Nisha Sood,+917487718263,customer315@kaushalkonnect.in
799,265,594,Home Cleaning,Delhi,561,completed,2026-07-12T01:14:54.373892+00:00,Sameer Tripathi,+917171719533,customer594@kaushalkonnect.in
800,847,226,Carpentry,Greater Noida,2333,requested,2026-06-22T02:51:31.373892+00:00,Nisha Patel,+916481608986,customer226@kaushalkonnect.in
801,493,358,Painting,Gurugram,2588,completed,2026-09-08T22:19:12.373892+00:00,Deepika Singh,+917713061913,customer358@kaushalkonnect.in
802,570,264,Carpentry,Noida,3388,requested,2026-08-18T17:32:27.373892+00:00,Divya Rawat,+917913417288,customer264@kaushalkonnect.in
803,325,352,Plumbing,Delhi,1024,booked,2026-08-25T19:10:37.373892+00:00,Deepika Bhatia,+919315722295,customer352@kaushalkonnect.in
804,505,266,Appliance Repair,Delhi,868,cancelled,2026-07-20T20:59:10.373892+00:00,Raj Gupta,+919811832495,customer266@kaushalkonnect.in
805,608,595,Plumbing,Gurugram,980,completed,2026-08-14T23:58:44.373892+00:00,Anil Das,+916629388849,customer595@kaushalkonnect.in
806,553,80,Appliance Repair,Delhi,3072,booked,2026-08-16T03:27:45.373892+00:00,Aman Mehta,+916450588002,customer80@kaushalkonnect.in
807,771,397,Painting,Delhi,1787,completed,2026-07-22T10:56:01.373892+00:00,Rakesh Bisht,+917987835723,customer397@kaushalkonnect.in
808,764,408,Painting,Ghaziabad,1920,requested,2026-07-21T17:37:04.373892+00:00,Karan Bhardwaj,+919735136806,customer408@kaushalkonnect.in
809,612,58,Plumbing,Gurugram,1957,completed,2026-08-11T09:04:18.373892+00:00,Akash Nair,+918534399892,customer58@kaushalkonnect.in
810,767,57,Appliance Repair,Delhi,1576,booked,2026-07-09T01:52:10.373892+00:00,Deepika Bisht,+916828376318,customer57@kaushalkonnect.in
811,457,24,Carpentry,Ghaziabad,1982,completed,2026-07-17T22:50:27.373892+00:00,Kunal Saini,+916179038084,customer24@kaushalkonnect.in
812,817,57,Home Cleaning,Delhi,1426,booked,2026-06-15T22:54:38.373892+00:00,Deepika Bisht,+916828376318,customer57@kaushalkonnect.in
813,869,444,Electrical,Gurugram,1420,booked,2026-06-19T04:10:23.373892+00:00,Bhavna Bansal,+919454703486,customer444@kaushalkonnect.in
814,150,275,Appliance Repair,Delhi,2642,booked,2026-09-05T05:42:10.373892+00:00,Naman Verma,+916165589412,customer275@kaushalkonnect.in
815,15,547,Electrical,Greater Noida,1232,requested,2026-07-14T13:25:19.373892+00:00,Naman Bhatia,+916004513153,customer547@kaushalkonnect.in
816,186,178,Appliance Repair,Ghaziabad,2464,cancelled,2026-06-19T06:16:59.373892+00:00,Shivam Patel,+917897294590,customer178@kaushalkonnect.in
817,742,428,Painting,Greater Noida,1429,completed,2026-07-29T23:15:36.373892+00:00,Suman Kapoor,+918798976206,customer428@kaushalkonnect.in
818,654,583,Carpentry,Delhi,2597,completed,2026-06-28T00:18:34.373892+00:00,Pradeep Saxena,+919767102548,customer583@kaushalkonnect.in
819,461,533,Electrical,Delhi,931,completed,2026-07-01T21:59:27.373892+00:00,Suraj Bansal,+919560858267,customer533@kaushalkonnect.in
820,938,490,Carpentry,Ghaziabad,2269,completed,2026-07-31T13:51:19.373892+00:00,Vivek Roy,+916944398828,customer490@kaushalkonnect.in
821,219,509,Appliance Repair,Delhi,3306,booked,2026-08-05T10:43:40.373892+00:00,Sanjay Kohli,+917342320635,customer509@kaushalkonnect.in
822,596,68,Painting,Faridabad,1577,booked,2026-08-23T09:36:03.373892+00:00,Vinay Chauhan,+917982254664,customer68@kaushalkonnect.in
823,116,463,Home Cleaning,Delhi,780,requested,2026-06-23T05:57:45.373892+00:00,Siddharth Iyer,+919869412403,customer463@kaushalkonnect.in
824,733,554,Appliance Repair,Delhi,1862,rejected,2026-08-24T02:55:46.373892+00:00,Akash Kumar,+919143990412,customer554@kaushalkonnect.in
825,389,483,Painting,Noida,1196,completed,2026-07-08T03:54:38.373892+00:00,Yash Thakur,+917226026852,customer483@kaushalkonnect.in
826,173,151,Carpentry,Delhi,3075,booked,2026-06-22T21:56:01.373892+00:00,Ankit Srivastava,+918845903622,customer151@kaushalkonnect.in
827,896,391,Painting,Ghaziabad,1140,requested,2026-08-28T18:32:07.373892+00:00,Naman Saini,+916839704304,customer391@kaushalkonnect.in
828,652,252,Plumbing,Delhi,864,completed,2026-07-09T10:50:31.373892+00:00,Pankaj Sood,+917611950964,customer252@kaushalkonnect.in
829,758,249,Electrical,Gurugram,1951,completed,2026-07-16T21:10:23.373892+00:00,Manish Thakur,+919039698984,customer249@kaushalkonnect.in
830,945,338,Appliance Repair,Delhi,1689,booked,2026-07-02T21:12:55.373892+00:00,Ayush Naidu,+918851325470,customer338@kaushalkonnect.in
831,270,571,Plumbing,Gurugram,1002,requested,2026-06-19T07:56:25.373892+00:00,Sachin Patel,+919133129664,customer571@kaushalkonnect.in
832,353,400,Carpentry,Noida,3121,booked,2026-08-27T23:59:31.373892+00:00,Vikram Bisht,+917609251836,customer400@kaushalkonnect.in
833,796,495,Carpentry,Noida,875,requested,2026-07-16T19:08:50.373892+00:00,Sakshi Patel,+918017379372,customer495@kaushalkonnect.in
834,98,83,Carpentry,Ghaziabad,1866,booked,2026-07-26T09:23:23.373892+00:00,Kavita Dutta,+919247075319,customer83@kaushalkonnect.in
835,560,26,Painting,Ghaziabad,1621,booked,2026-07-31T14:16:30.373892+00:00,Pooja Rawat,+917561657903,customer26@kaushalkonnect.in
836,638,517,Plumbing,Noida,749,completed,2026-07-25T23:05:38.373892+00:00,Aman Agarwal,+916999487864,customer517@kaushalkonnect.in
837,606,443,Appliance Repair,Gurugram,965,cancelled,2026-07-31T12:35:44.373892+00:00,Vivek Chaudhary,+919786891020,customer443@kaushalkonnect.in
838,135,560,Electrical,Delhi,820,completed,2026-08-03T22:50:13.373892+00:00,Pradeep Menon,+919319371669,customer560@kaushalkonnect.in
839,64,323,Electrical,Gurugram,1521,requested,2026-08-02T21:00:21.373892+00:00,Nikhil Saini,+919877729235,customer323@kaushalkonnect.in
840,664,39,Plumbing,Greater Noida,1170,booked,2026-07-11T20:28:47.373892+00:00,Rakesh Nair,+916119019085,customer39@kaushalkonnect.in
841,747,506,Painting,Delhi,1178,booked,2026-06-24T07:32:00.373892+00:00,Suraj Khan,+919514611840,customer506@kaushalkonnect.in
842,97,446,Carpentry,Ghaziabad,1009,completed,2026-08-21T17:28:03.373892+00:00,Pankaj Jain,+917248509690,customer446@kaushalkonnect.in
843,862,172,Plumbing,Noida,1388,cancelled,2026-08-25T06:39:29.373892+00:00,Kunal Pandey,+917028096144,customer172@kaushalkonnect.in
844,628,271,Carpentry,Delhi,2473,rejected,2026-06-18T14:04:50.373892+00:00,Nisha Das,+917283710874,customer271@kaushalkonnect.in
845,205,291,Appliance Repair,Noida,1878,booked,2026-08-08T13:21:58.373892+00:00,Arnav Khanna,+919996736147,customer291@kaushalkonnect.in
846,599,288,Plumbing,Faridabad,946,cancelled,2026-07-08T20:18:27.373892+00:00,Ananya Jain,+917306566964,customer288@kaushalkonnect.in
847,525,597,Home Cleaning,Ghaziabad,560,requested,2026-06-15T14:09:35.373892+00:00,Rakesh Kumar,+919123504261,customer597@kaushalkonnect.in
848,381,390,Carpentry,Delhi,1928,completed,2026-07-08T10:28:56.373892+00:00,Neha Arora,+918665113514,customer390@kaushalkonnect.in
849,520,159,Appliance Repair,Delhi,2389,booked,2026-07-24T02:50:41.373892+00:00,Sunil Sheikh,+916211573876,customer159@kaushalkonnect.in
850,456,246,Home Cleaning,Gurugram,1447,completed,2026-08-24T03:31:28.373892+00:00,Deepika Arora,+916572656876,customer246@kaushalkonnect.in
851,45,46,Home Cleaning,Noida,740,completed,2026-09-08T08:25:34.373892+00:00,Kavita Singh,+916997278479,customer46@kaushalkonnect.in
852,845,105,Home Cleaning,Ghaziabad,1085,completed,2026-07-15T00:09:00.373892+00:00,Sonam Pandey,+917712321716,customer105@kaushalkonnect.in
853,141,454,Electrical,Ghaziabad,1015,requested,2026-09-01T10:46:04.373892+00:00,Pradeep Srivastava,+917858814204,customer454@kaushalkonnect.in
854,704,184,Carpentry,Faridabad,3819,requested,2026-06-28T22:45:01.373892+00:00,Vikram Sood,+919686312008,customer184@kaushalkonnect.in
855,824,388,Appliance Repair,Noida,1436,requested,2026-06-11T22:50:24.373892+00:00,Pradeep Joshi,+918745074261,customer388@kaushalkonnect.in
856,499,2,Painting,Delhi,1057,cancelled,2026-06-19T04:53:02.373892+00:00,Gaurav Rawat,+916076029990,customer2@kaushalkonnect.in
857,562,382,Plumbing,Noida,1195,booked,2026-08-04T04:37:57.373892+00:00,Pradeep Chaudhary,+916130947138,customer382@kaushalkonnect.in
858,475,513,Carpentry,Noida,2009,completed,2026-06-24T07:43:17.373892+00:00,Yogesh Arora,+917492716523,customer513@kaushalkonnect.in
859,125,421,Electrical,Delhi,1246,completed,2026-08-30T16:40:23.373892+00:00,Amit Yadav,+918515651587,customer421@kaushalkonnect.in
860,103,480,Carpentry,Faridabad,1441,completed,2026-07-11T15:51:43.373892+00:00,Yash Reddy,+918274836779,customer480@kaushalkonnect.in
861,22,580,Appliance Repair,Delhi,3771,completed,2026-09-08T12:52:51.373892+00:00,Sunil Joshi,+917897735260,customer580@kaushalkonnect.in
862,377,435,Plumbing,Delhi,1236,booked,2026-09-01T00:55:51.373892+00:00,Shreya Negi,+917096878396,customer435@kaushalkonnect.in
863,51,200,Plumbing,Gurugram,1917,rejected,2026-08-18T09:42:36.373892+00:00,Rahul Ali,+918615172201,customer200@kaushalkonnect.in
864,247,578,Plumbing,Gurugram,1058,requested,2026-08-12T00:49:22.373892+00:00,Gaurav Nair,+919451845293,customer578@kaushalkonnect.in
865,543,229,Plumbing,Noida,951,booked,2026-09-06T09:11:13.373892+00:00,Vinay Gupta,+919808314953,customer229@kaushalkonnect.in
866,653,239,Appliance Repair,Noida,2796,booked,2026-07-29T06:34:57.373892+00:00,Manish Reddy,+917750603384,customer239@kaushalkonnect.in
867,735,210,Plumbing,Greater Noida,1428,completed,2026-07-27T03:46:23.373892+00:00,Aarav Mehta,+917640568611,customer210@kaushalkonnect.in
868,191,21,Electrical,Faridabad,600,completed,2026-07-27T00:52:37.373892+00:00,Naman Ansari,+918834023769,customer21@kaushalkonnect.in
869,726,13,Appliance Repair,Faridabad,1605,completed,2026-08-25T12:28:31.373892+00:00,Vikas Ansari,+917124833144,customer13@kaushalkonnect.in
870,110,416,Electrical,Gurugram,1447,booked,2026-07-17T15:15:20.373892+00:00,Karan Naidu,+919385092003,customer416@kaushalkonnect.in
871,348,150,Home Cleaning,Delhi,992,cancelled,2026-07-20T16:46:35.373892+00:00,Deepak Chauhan,+917492215790,customer150@kaushalkonnect.in
872,399,158,Painting,Delhi,1145,booked,2026-06-14T07:23:02.373892+00:00,Dev Kohli,+918147078140,customer158@kaushalkonnect.in
873,158,265,Electrical,Noida,654,booked,2026-07-31T23:54:55.373892+00:00,Pooja Bisht,+916731079638,customer265@kaushalkonnect.in
874,78,239,Electrical,Noida,1519,completed,2026-07-01T03:47:47.373892+00:00,Manish Reddy,+917750603384,customer239@kaushalkonnect.in
875,749,400,Plumbing,Noida,1880,cancelled,2026-08-26T01:02:59.373892+00:00,Vikram Bisht,+917609251836,customer400@kaushalkonnect.in
876,361,19,Electrical,Gurugram,1117,cancelled,2026-08-07T10:05:13.373892+00:00,Vivek Sharma,+916461731048,customer19@kaushalkonnect.in
877,401,160,Electrical,Gurugram,1349,booked,2026-06-21T15:42:21.373892+00:00,Vivek Bansal,+916873628263,customer160@kaushalkonnect.in
878,854,454,Painting,Ghaziabad,930,rejected,2026-08-01T02:46:51.373892+00:00,Pradeep Srivastava,+917858814204,customer454@kaushalkonnect.in
879,465,506,Electrical,Delhi,1412,completed,2026-08-18T03:11:53.373892+00:00,Suraj Khan,+919514611840,customer506@kaushalkonnect.in
880,834,269,Painting,Delhi,902,completed,2026-08-07T08:10:16.373892+00:00,Suraj Kohli,+917917028496,customer269@kaushalkonnect.in
881,788,509,Carpentry,Delhi,1105,requested,2026-06-25T15:02:54.373892+00:00,Sanjay Kohli,+917342320635,customer509@kaushalkonnect.in
882,968,288,Plumbing,Faridabad,1152,requested,2026-06-26T16:21:27.373892+00:00,Ananya Jain,+917306566964,customer288@kaushalkonnect.in
883,572,135,Plumbing,Greater Noida,1630,rejected,2026-08-16T08:27:48.373892+00:00,Vivek Gupta,+916471748421,customer135@kaushalkonnect.in
884,298,257,Appliance Repair,Delhi,1901,requested,2026-08-29T10:47:54.373892+00:00,Raj Khanna,+917681772738,customer257@kaushalkonnect.in
885,405,60,Carpentry,Delhi,920,requested,2026-07-14T23:06:27.373892+00:00,Vikas Khan,+918427459054,customer60@kaushalkonnect.in
886,88,557,Home Cleaning,Gurugram,931,completed,2026-08-22T00:40:42.373892+00:00,Ananya Bhatia,+919099765914,customer557@kaushalkonnect.in
887,77,286,Appliance Repair,Faridabad,2847,completed,2026-08-03T13:27:52.373892+00:00,Nisha Pandey,+916412262891,customer286@kaushalkonnect.in
888,199,530,Plumbing,Gurugram,836,booked,2026-07-12T11:03:40.373892+00:00,Rahul Patel,+918088665239,customer530@kaushalkonnect.in
889,577,361,Painting,Noida,961,requested,2026-06-29T07:41:07.373892+00:00,Sakshi Singh,+919262836565,customer361@kaushalkonnect.in
890,949,469,Painting,Gurugram,2187,booked,2026-07-24T02:02:49.373892+00:00,Priya Bhatia,+917178690535,customer469@kaushalkonnect.in
891,394,256,Carpentry,Ghaziabad,2556,requested,2026-06-28T04:46:16.373892+00:00,Shreya Kapoor,+916173667269,customer256@kaushalkonnect.in
892,864,520,Appliance Repair,Ghaziabad,3531,booked,2026-08-13T07:16:59.373892+00:00,Rahul Mehta,+917309880076,customer520@kaushalkonnect.in
893,292,293,Plumbing,Gurugram,811,completed,2026-07-11T18:16:45.373892+00:00,Isha Mehta,+918793003230,customer293@kaushalkonnect.in
894,50,414,Carpentry,Gurugram,1552,cancelled,2026-08-10T07:50:56.373892+00:00,Rahul Negi,+918662475632,customer414@kaushalkonnect.in
895,68,335,Painting,Faridabad,1939,booked,2026-08-15T04:52:43.373892+00:00,Shreya Das,+917309578108,customer335@kaushalkonnect.in
896,397,18,Appliance Repair,Noida,2245,booked,2026-07-11T07:15:28.373892+00:00,Akash Khan,+916865191049,customer18@kaushalkonnect.in
897,850,84,Electrical,Gurugram,1044,booked,2026-08-07T23:31:21.373892+00:00,Sachin Ali,+917690825404,customer84@kaushalkonnect.in
898,251,6,Home Cleaning,Noida,1085,booked,2026-09-08T04:49:43.373892+00:00,Aditi Rao,+918271507603,customer6@kaushalkonnect.in
899,716,473,Plumbing,Faridabad,2012,booked,2026-08-30T23:44:35.373892+00:00,Rahul Khanna,+918576780440,customer473@kaushalkonnect.in
900,491,396,Carpentry,Noida,800,booked,2026-07-25T20:56:32.373892+00:00,Rohit Sharma,+917357387381,customer396@kaushalkonnect.in
901,731,327,Painting,Gurugram,1314,cancelled,2026-06-29T08:32:34.373892+00:00,Isha Rao,+916865397947,customer327@kaushalkonnect.in
902,49,211,Home Cleaning,Ghaziabad,500,completed,2026-08-14T09:39:01.373892+00:00,Vivek Qureshi,+917255297557,customer211@kaushalkonnect.in
903,366,346,Electrical,Ghaziabad,1585,booked,2026-08-10T12:27:41.373892+00:00,Sanjay Dutta,+918669262572,customer346@kaushalkonnect.in
904,882,531,Home Cleaning,Noida,1161,completed,2026-09-06T00:01:18.373892+00:00,Vivek Iyer,+917778167447,customer531@kaushalkonnect.in
905,772,358,Appliance Repair,Gurugram,1986,requested,2026-07-30T22:48:51.373892+00:00,Deepika Singh,+917713061913,customer358@kaushalkonnect.in
906,458,252,Electrical,Delhi,998,cancelled,2026-06-13T07:43:06.373892+00:00,Pankaj Sood,+917611950964,customer252@kaushalkonnect.in
907,908,378,Appliance Repair,Ghaziabad,1404,completed,2026-09-02T04:04:29.373892+00:00,Pankaj Agarwal,+919909957616,customer378@kaushalkonnect.in
908,151,10,Home Cleaning,Faridabad,797,completed,2026-08-05T04:09:28.373892+00:00,Nisha Saxena,+917657347670,customer10@kaushalkonnect.in
909,188,504,Electrical,Gurugram,1563,booked,2026-06-19T16:55:32.373892+00:00,Sonam Khanna,+918703043010,customer504@kaushalkonnect.in
910,702,318,Appliance Repair,Gurugram,1626,requested,2026-06-20T09:14:44.373892+00:00,Anjali Iyer,+917414706872,customer318@kaushalkonnect.in
911,789,426,Appliance Repair,Faridabad,2315,completed,2026-08-16T19:20:51.373892+00:00,Rahul Kumar,+918620803554,customer426@kaushalkonnect.in
912,810,575,Carpentry,Delhi,1796,booked,2026-08-19T02:41:42.373892+00:00,Pradeep Malhotra,+916464688893,customer575@kaushalkonnect.in
913,636,226,Home Cleaning,Greater Noida,542,completed,2026-07-26T10:35:27.373892+00:00,Nisha Patel,+916481608986,customer226@kaushalkonnect.in
914,517,529,Carpentry,Delhi,2177,completed,2026-08-29T22:21:31.373892+00:00,Yogesh Patel,+917198023595,customer529@kaushalkonnect.in
915,329,182,Carpentry,Delhi,1475,requested,2026-08-25T10:29:45.373892+00:00,Siddharth Negi,+916573380797,customer182@kaushalkonnect.in
916,498,45,Appliance Repair,Delhi,1782,booked,2026-09-01T17:10:27.373892+00:00,Gaurav Tripathi,+917694925574,customer45@kaushalkonnect.in
917,340,298,Home Cleaning,Delhi,840,completed,2026-07-24T11:21:01.373892+00:00,Ayush Chauhan,+919171889842,customer298@kaushalkonnect.in
918,427,490,Home Cleaning,Ghaziabad,1030,requested,2026-08-31T23:04:35.373892+00:00,Vivek Roy,+916944398828,customer490@kaushalkonnect.in
919,157,299,Appliance Repair,Ghaziabad,1263,completed,2026-06-16T00:50:16.373892+00:00,Meera Saini,+917306360262,customer299@kaushalkonnect.in
920,853,196,Electrical,Noida,1891,booked,2026-06-20T03:30:11.373892+00:00,Vivek Ali,+916117799667,customer196@kaushalkonnect.in
921,730,516,Appliance Repair,Delhi,3132,booked,2026-06-14T15:23:53.373892+00:00,Dev Kumar,+918917230024,customer516@kaushalkonnect.in
922,712,374,Carpentry,Delhi,3416,requested,2026-07-28T22:14:13.373892+00:00,Ashish Gupta,+917864797442,customer374@kaushalkonnect.in
923,30,19,Electrical,Gurugram,1687,booked,2026-07-17T02:19:34.373892+00:00,Vivek Sharma,+916461731048,customer19@kaushalkonnect.in
924,792,273,Home Cleaning,Greater Noida,1173,requested,2026-07-15T17:03:46.373892+00:00,Deepika Sood,+918326728572,customer273@kaushalkonnect.in
925,260,17,Home Cleaning,Noida,500,completed,2026-09-07T07:45:07.373892+00:00,Kavita Patel,+919950452761,customer17@kaushalkonnect.in
926,29,292,Home Cleaning,Noida,1253,requested,2026-06-14T08:04:13.373892+00:00,Nisha Kumar,+917477973399,customer292@kaushalkonnect.in
927,629,517,Appliance Repair,Noida,2424,booked,2026-07-15T20:00:30.373892+00:00,Aman Agarwal,+916999487864,customer517@kaushalkonnect.in
928,587,22,Carpentry,Delhi,2237,completed,2026-07-14T09:09:14.373892+00:00,Kavita Rao,+916889115370,customer22@kaushalkonnect.in
929,100,355,Plumbing,Delhi,1993,cancelled,2026-07-15T15:38:08.373892+00:00,Rahul Saini,+919852992624,customer355@kaushalkonnect.in
930,393,198,Carpentry,Delhi,2370,requested,2026-08-29T07:21:54.373892+00:00,Siddharth Das,+919621971816,customer198@kaushalkonnect.in
931,816,78,Appliance Repair,Greater Noida,1462,completed,2026-08-18T08:07:09.373892+00:00,Anil Negi,+918249659937,customer78@kaushalkonnect.in
932,969,544,Home Cleaning,Greater Noida,814,requested,2026-06-16T02:50:46.373892+00:00,Amit Thakur,+918902001626,customer544@kaushalkonnect.in
933,722,241,Painting,Delhi,1846,booked,2026-09-02T10:19:01.373892+00:00,Raj Sharma,+917385386091,customer241@kaushalkonnect.in
934,472,159,Electrical,Delhi,1016,requested,2026-08-29T22:25:00.373892+00:00,Sunil Sheikh,+916211573876,customer159@kaushalkonnect.in
935,909,528,Carpentry,Delhi,1607,completed,2026-06-18T22:07:51.373892+00:00,Sachin Kumar,+919357438176,customer528@kaushalkonnect.in
936,334,8,Painting,Delhi,800,completed,2026-06-29T07:36:22.373892+00:00,Sameer Bisht,+917655985387,customer8@kaushalkonnect.in
937,821,40,Plumbing,Delhi,1906,requested,2026-06-20T22:54:39.373892+00:00,Siddharth Ghosh,+917655804329,customer40@kaushalkonnect.in
938,517,118,Carpentry,Delhi,2251,booked,2026-07-26T00:09:27.373892+00:00,Akash Ali,+918904630230,customer118@kaushalkonnect.in
939,536,301,Appliance Repair,Noida,1494,booked,2026-06-16T07:55:00.373892+00:00,Karan Thakur,+918510196144,customer301@kaushalkonnect.in
940,252,254,Electrical,Ghaziabad,1912,completed,2026-09-07T08:23:27.373892+00:00,Vikram Naidu,+919213662184,customer254@kaushalkonnect.in
941,720,338,Plumbing,Delhi,1092,cancelled,2026-08-08T03:34:19.373892+00:00,Ayush Naidu,+918851325470,customer338@kaushalkonnect.in
942,475,44,Carpentry,Gurugram,2822,completed,2026-07-26T13:05:47.373892+00:00,Siddharth Wadhwa,+916092012396,customer44@kaushalkonnect.in
943,33,381,Appliance Repair,Delhi,1955,requested,2026-08-08T15:47:13.373892+00:00,Gaurav Shah,+918155868243,customer381@kaushalkonnect.in
944,697,83,Appliance Repair,Ghaziabad,3240,requested,2026-08-21T04:14:01.373892+00:00,Kavita Dutta,+919247075319,customer83@kaushalkonnect.in
945,331,498,Plumbing,Delhi,1346,booked,2026-09-05T09:29:55.373892+00:00,Shreya Thakur,+918616624771,customer498@kaushalkonnect.in
946,526,57,Plumbing,Delhi,991,booked,2026-06-28T19:45:27.373892+00:00,Deepika Bisht,+916828376318,customer57@kaushalkonnect.in
947,992,216,Plumbing,Noida,1548,requested,2026-06-25T20:34:22.373892+00:00,Mohit Rao,+918547854797,customer216@kaushalkonnect.in
948,791,241,Carpentry,Delhi,1900,requested,2026-07-19T00:02:13.373892+00:00,Raj Sharma,+917385386091,customer241@kaushalkonnect.in
949,5,402,Painting,Noida,2483,completed,2026-09-05T10:04:40.373892+00:00,Ananya Mishra,+917127061635,customer402@kaushalkonnect.in
950,641,197,Painting,Gurugram,1113,completed,2026-07-04T20:24:57.373892+00:00,Vikram Jain,+916471203455,customer197@kaushalkonnect.in
951,175,435,Appliance Repair,Delhi,1878,booked,2026-08-17T14:36:49.373892+00:00,Shreya Negi,+917096878396,customer435@kaushalkonnect.in
952,793,552,Painting,Faridabad,1208,completed,2026-07-21T10:12:22.373892+00:00,Pooja Mehta,+919234241091,customer552@kaushalkonnect.in
953,310,320,Home Cleaning,Delhi,653,cancelled,2026-07-07T09:59:05.373892+00:00,Priya Roy,+918406845780,customer320@kaushalkonnect.in
954,780,346,Carpentry,Ghaziabad,1688,booked,2026-08-10T07:46:06.373892+00:00,Sanjay Dutta,+918669262572,customer346@kaushalkonnect.in
955,143,235,Home Cleaning,Faridabad,1421,completed,2026-08-22T14:52:12.373892+00:00,Riya Yadav,+919039067099,customer235@kaushalkonnect.in
956,23,139,Carpentry,Noida,2103,booked,2026-07-20T12:39:27.373892+00:00,Pankaj Yadav,+917921063078,customer139@kaushalkonnect.in
957,223,558,Painting,Delhi,1213,rejected,2026-06-24T02:00:32.373892+00:00,Vikram Dutta,+918615549552,customer558@kaushalkonnect.in
958,159,442,Carpentry,Delhi,1534,cancelled,2026-09-09T15:22:50.373892+00:00,Shivam Saini,+918743728340,customer442@kaushalkonnect.in
959,189,171,Plumbing,Greater Noida,1439,completed,2026-07-10T17:37:39.373892+00:00,Deepika Patel,+917590139016,customer171@kaushalkonnect.in
960,398,30,Painting,Noida,1779,requested,2026-07-03T19:59:48.373892+00:00,Yash Chaudhary,+916131415788,customer30@kaushalkonnect.in
961,160,541,Painting,Delhi,3053,requested,2026-08-25T07:30:37.373892+00:00,Kunal Menon,+916011797175,customer541@kaushalkonnect.in
962,384,2,Plumbing,Delhi,1248,booked,2026-09-04T04:15:31.373892+00:00,Gaurav Rawat,+916076029990,customer2@kaushalkonnect.in
963,763,459,Electrical,Ghaziabad,1889,completed,2026-08-20T17:24:17.373892+00:00,Kunal Kohli,+916675992343,customer459@kaushalkonnect.in
964,172,105,Painting,Ghaziabad,1987,requested,2026-08-14T03:18:27.373892+00:00,Sonam Pandey,+917712321716,customer105@kaushalkonnect.in
965,532,547,Home Cleaning,Greater Noida,689,completed,2026-06-21T02:44:20.373892+00:00,Naman Bhatia,+916004513153,customer547@kaushalkonnect.in
966,208,193,Electrical,Greater Noida,1151,booked,2026-06-16T16:06:47.373892+00:00,Deepika Jain,+916301811997,customer193@kaushalkonnect.in
967,488,191,Painting,Faridabad,1233,booked,2026-07-26T09:11:23.373892+00:00,Bhavna Roy,+919797236280,customer191@kaushalkonnect.in
968,255,249,Electrical,Gurugram,2256,completed,2026-08-20T08:26:42.373892+00:00,Manish Thakur,+919039698984,customer249@kaushalkonnect.in
969,430,133,Electrical,Delhi,890,booked,2026-08-11T06:41:51.373892+00:00,Sunil Chauhan,+917926050435,customer133@kaushalkonnect.in
970,755,120,Home Cleaning,Greater Noida,751,requested,2026-09-07T04:44:40.373892+00:00,Arnav Saini,+917278996768,customer120@kaushalkonnect.in
971,795,543,Painting,Faridabad,2689,requested,2026-09-09T06:14:21.373892+00:00,Ayush Gupta,+917885975259,customer543@kaushalkonnect.in
972,206,416,Appliance Repair,Gurugram,1069,rejected,2026-06-14T13:51:23.373892+00:00,Karan Naidu,+919385092003,customer416@kaushalkonnect.in
973,870,576,Plumbing,Noida,1376,booked,2026-07-20T21:10:52.373892+00:00,Aditi Sheikh,+918081155522,customer576@kaushalkonnect.in
974,770,266,Painting,Delhi,1736,requested,2026-08-07T18:10:55.373892+00:00,Raj Gupta,+919811832495,customer266@kaushalkonnect.in
975,598,432,Carpentry,Gurugram,1422,booked,2026-08-10T04:28:59.373892+00:00,Ankit Rana,+917830061145,customer432@kaushalkonnect.in
976,846,293,Electrical,Gurugram,1335,booked,2026-07-18T06:18:19.373892+00:00,Isha Mehta,+918793003230,customer293@kaushalkonnect.in
977,563,424,Electrical,Greater Noida,1036,requested,2026-08-22T12:14:25.373892+00:00,Ananya Arora,+917773059011,customer424@kaushalkonnect.in
978,798,596,Appliance Repair,Ghaziabad,1296,booked,2026-07-10T13:03:25.373892+00:00,Siddharth Malhotra,+919932783376,customer596@kaushalkonnect.in
979,543,42,Plumbing,Noida,600,requested,2026-06-16T13:36:01.373892+00:00,Ananya Verma,+917337246396,customer42@kaushalkonnect.in
980,566,213,Painting,Gurugram,1288,booked,2026-08-07T10:44:05.373892+00:00,Ayush Pandey,+918315183022,customer213@kaushalkonnect.in
981,120,317,Carpentry,Gurugram,1209,cancelled,2026-08-09T22:03:24.373892+00:00,Vivek Patel,+917140868405,customer317@kaushalkonnect.in
982,865,540,Appliance Repair,Delhi,2123,requested,2026-06-27T02:31:11.373892+00:00,Neha Ansari,+917265230882,customer540@kaushalkonnect.in
983,940,184,Carpentry,Faridabad,2246,completed,2026-08-30T17:31:07.373892+00:00,Vikram Sood,+919686312008,customer184@kaushalkonnect.in
984,74,547,Plumbing,Greater Noida,1049,booked,2026-09-01T15:34:01.373892+00:00,Naman Bhatia,+916004513153,customer547@kaushalkonnect.in
985,250,513,Home Cleaning,Noida,1520,requested,2026-08-23T13:17:55.373892+00:00,Yogesh Arora,+917492716523,customer513@kaushalkonnect.in
986,568,171,Plumbing,Greater Noida,1417,requested,2026-08-08T06:09:50.373892+00:00,Deepika Patel,+917590139016,customer171@kaushalkonnect.in
987,103,545,Carpentry,Gurugram,892,requested,2026-06-17T12:14:45.373892+00:00,Mohit Bhatia,+919598220397,customer545@kaushalkonnect.in
988,47,327,Electrical,Gurugram,2158,completed,2026-07-13T19:26:57.373892+00:00,Isha Rao,+916865397947,customer327@kaushalkonnect.in
989,215,169,Plumbing,Noida,2042,booked,2026-06-14T18:20:18.373892+00:00,Pradeep Verma,+916030661833,customer169@kaushalkonnect.in
990,134,558,Appliance Repair,Delhi,1676,requested,2026-09-05T05:03:37.373892+00:00,Vikram Dutta,+918615549552,customer558@kaushalkonnect.in
991,58,149,Carpentry,Delhi,1487,cancelled,2026-07-04T01:42:32.373892+00:00,Aditi Ali,+918867534749,customer149@kaushalkonnect.in
992,884,306,Appliance Repair,Gurugram,3209,booked,2026-08-11T19:24:04.373892+00:00,Kavita Khanna,+918619490253,customer306@kaushalkonnect.in
993,529,424,Appliance Repair,Greater Noida,1263,completed,2026-08-20T23:34:19.373892+00:00,Ananya Arora,+917773059011,customer424@kaushalkonnect.in
994,851,355,Plumbing,Delhi,1634,requested,2026-06-26T02:22:37.373892+00:00,Rahul Saini,+919852992624,customer355@kaushalkonnect.in
995,70,470,Plumbing,Faridabad,1338,requested,2026-07-19T18:28:22.373892+00:00,Suraj Arora,+917135380431,customer470@kaushalkonnect.in
996,381,220,Carpentry,Delhi,1564,requested,2026-08-26T03:41:19.373892+00:00,Mohit Tripathi,+916920881774,customer220@kaushalkonnect.in
997,673,271,Appliance Repair,Delhi,2291,rejected,2026-08-23T02:24:34.373892+00:00,Nisha Das,+917283710874,customer271@kaushalkonnect.in
998,639,467,Home Cleaning,Delhi,760,requested,2026-08-24T08:41:22.373892+00:00,Sanjay Ali,+918611965341,customer467@kaushalkonnect.in
999,474,210,Appliance Repair,Greater Noida,792,booked,2026-08-07T15:59:27.373892+00:00,Aarav Mehta,+917640568611,customer210@kaushalkonnect.in
1000,480,120,Electrical,Greater Noida,699,completed,2026-08-05T05:50:43.373892+00:00,Arnav Saini,+917278996768,customer120@kaushalkonnect.in
1001,113,233,Electrical,Delhi,1400,completed,2026-06-24T21:50:42.373892+00:00,Arnav Ansari,+917807762986,customer233@kaushalkonnect.in
1002,507,384,Carpentry,Ghaziabad,1334,rejected,2026-08-12T14:33:00.373892+00:00,Kunal Khanna,+918718296522,customer384@kaushalkonnect.in
1003,784,251,Plumbing,Gurugram,1187,booked,2026-08-04T20:55:50.373892+00:00,Rohit Arora,+916080183613,customer251@kaushalkonnect.in
1004,711,356,Home Cleaning,Gurugram,800,rejected,2026-07-05T11:20:42.373892+00:00,Ravi Verma,+919829809347,customer356@kaushalkonnect.in
1005,592,392,Electrical,Ghaziabad,1307,booked,2026-08-03T07:39:52.373892+00:00,Raj Yadav,+918033630236,customer392@kaushalkonnect.in
1006,520,391,Appliance Repair,Ghaziabad,1230,booked,2026-08-13T21:42:18.373892+00:00,Naman Saini,+916839704304,customer391@kaushalkonnect.in
1007,208,393,Electrical,Delhi,600,booked,2026-06-30T06:43:22.373892+00:00,Ashish Khanna,+916891804374,customer393@kaushalkonnect.in
1008,760,321,Electrical,Delhi,1114,booked,2026-07-03T03:19:44.373892+00:00,Nisha Bansal,+918012797342,customer321@kaushalkonnect.in
1009,810,213,Carpentry,Gurugram,2772,completed,2026-08-11T15:31:42.373892+00:00,Ayush Pandey,+918315183022,customer213@kaushalkonnect.in
1010,217,364,Electrical,Greater Noida,1323,completed,2026-08-22T22:23:15.373892+00:00,Mohit Reddy,+916384701713,customer364@kaushalkonnect.in
1011,139,273,Electrical,Greater Noida,1448,completed,2026-06-26T07:21:24.373892+00:00,Deepika Sood,+918326728572,customer273@kaushalkonnect.in
1012,39,516,Electrical,Delhi,1147,completed,2026-06-20T14:05:33.373892+00:00,Dev Kumar,+918917230024,customer516@kaushalkonnect.in
1013,190,147,Electrical,Gurugram,761,cancelled,2026-06-30T20:32:40.373892+00:00,Shivam Malhotra,+918209857782,customer147@kaushalkonnect.in
1014,827,282,Carpentry,Gurugram,1492,booked,2026-08-12T19:30:26.373892+00:00,Isha Saxena,+918905967132,customer282@kaushalkonnect.in
1015,693,103,Carpentry,Faridabad,1839,booked,2026-06-19T15:06:44.373892+00:00,Aditi Yadav,+916489712850,customer103@kaushalkonnect.in
1016,953,349,Home Cleaning,Faridabad,746,completed,2026-07-21T03:48:14.373892+00:00,Sonam Iyer,+917637101777,customer349@kaushalkonnect.in
1017,999,164,Painting,Gurugram,1782,booked,2026-07-31T22:10:21.373892+00:00,Divya Sharma,+918105422968,customer164@kaushalkonnect.in
1018,773,294,Home Cleaning,Delhi,613,booked,2026-07-07T00:49:37.373892+00:00,Suman Bansal,+916029096737,customer294@kaushalkonnect.in
1019,389,369,Painting,Noida,1995,booked,2026-09-04T23:24:31.373892+00:00,Deepak Chaudhary,+916582556457,customer369@kaushalkonnect.in
1020,749,457,Plumbing,Delhi,1699,requested,2026-06-12T11:29:04.373892+00:00,Ashish Shah,+918880487329,customer457@kaushalkonnect.in
1021,899,480,Appliance Repair,Faridabad,3798,rejected,2026-08-13T09:42:42.373892+00:00,Yash Reddy,+918274836779,customer480@kaushalkonnect.in
1022,413,554,Carpentry,Delhi,1882,completed,2026-06-12T00:55:10.373892+00:00,Akash Kumar,+919143990412,customer554@kaushalkonnect.in
1023,791,139,Carpentry,Noida,1402,completed,2026-06-30T03:55:45.373892+00:00,Pankaj Yadav,+917921063078,customer139@kaushalkonnect.in
1024,79,348,Appliance Repair,Delhi,2841,completed,2026-08-08T13:56:25.373892+00:00,Suraj Ghosh,+919483861745,customer348@kaushalkonnect.in
1025,434,149,Plumbing,Delhi,928,booked,2026-07-29T00:56:33.373892+00:00,Aditi Ali,+918867534749,customer149@kaushalkonnect.in
1026,36,505,Electrical,Noida,1428,booked,2026-06-29T01:13:24.373892+00:00,Yogesh Mishra,+919912655537,customer505@kaushalkonnect.in
1027,652,295,Plumbing,Noida,1706,booked,2026-08-13T04:18:53.373892+00:00,Sachin Sharma,+918826481746,customer295@kaushalkonnect.in
1028,751,189,Electrical,Greater Noida,801,completed,2026-08-08T12:47:39.373892+00:00,Mohit Roy,+918455755597,customer189@kaushalkonnect.in
1029,63,368,Appliance Repair,Delhi,2348,completed,2026-08-24T22:43:33.373892+00:00,Rohit Dutta,+918615420051,customer368@kaushalkonnect.in
1030,183,292,Electrical,Noida,1775,completed,2026-09-08T07:03:02.373892+00:00,Nisha Kumar,+917477973399,customer292@kaushalkonnect.in
1031,533,443,Home Cleaning,Gurugram,984,booked,2026-06-20T16:24:57.373892+00:00,Vivek Chaudhary,+919786891020,customer443@kaushalkonnect.in
1032,799,106,Plumbing,Ghaziabad,1392,booked,2026-08-10T18:28:14.373892+00:00,Anjali Kapoor,+919343682261,customer106@kaushalkonnect.in
1033,583,594,Appliance Repair,Delhi,2537,booked,2026-08-05T06:15:00.373892+00:00,Sameer Tripathi,+917171719533,customer594@kaushalkonnect.in
1034,594,14,Appliance Repair,Delhi,4496,requested,2026-07-31T10:26:18.373892+00:00,Nikhil Roy,+918781278592,customer14@kaushalkonnect.in
1035,173,489,Carpentry,Greater Noida,2361,booked,2026-07-30T09:36:10.373892+00:00,Isha Patel,+916812025822,customer489@kaushalkonnect.in
1036,524,481,Electrical,Faridabad,600,completed,2026-07-10T12:23:35.373892+00:00,Sonam Sood,+918928709482,customer481@kaushalkonnect.in
1037,837,445,Home Cleaning,Delhi,1196,completed,2026-08-06T07:46:00.373892+00:00,Pankaj Ansari,+917866394351,customer445@kaushalkonnect.in
1038,351,177,Carpentry,Noida,2048,requested,2026-07-06T21:05:06.373892+00:00,Deepika Rawat,+918124409801,customer177@kaushalkonnect.in
1039,460,406,Plumbing,Noida,959,booked,2026-08-31T12:01:25.373892+00:00,Mohit Ali,+918926770384,customer406@kaushalkonnect.in
1040,688,244,Plumbing,Noida,1306,requested,2026-08-08T18:59:43.373892+00:00,Bhavna Naidu,+918645996516,customer244@kaushalkonnect.in
1041,228,146,Painting,Ghaziabad,1016,booked,2026-06-23T03:12:56.373892+00:00,Anjali Bansal,+919609624640,customer146@kaushalkonnect.in
1042,661,451,Home Cleaning,Noida,752,completed,2026-07-03T17:04:03.373892+00:00,Aarav Qureshi,+919484301459,customer451@kaushalkonnect.in
1043,531,163,Painting,Gurugram,800,rejected,2026-06-17T12:08:06.373892+00:00,Bhavna Mehta,+919540295175,customer163@kaushalkonnect.in
1044,36,131,Electrical,Gurugram,1078,completed,2026-09-07T14:56:02.373892+00:00,Sakshi Khanna,+916756119146,customer131@kaushalkonnect.in
1045,471,493,Electrical,Delhi,623,completed,2026-07-19T22:04:33.373892+00:00,Yash Arora,+916388656173,customer493@kaushalkonnect.in
1046,651,512,Home Cleaning,Gurugram,1154,requested,2026-07-18T18:37:09.373892+00:00,Deepika Sharma,+918428667947,customer512@kaushalkonnect.in
1047,894,352,Electrical,Delhi,1792,requested,2026-06-27T16:52:11.373892+00:00,Deepika Bhatia,+919315722295,customer352@kaushalkonnect.in
1048,242,195,Carpentry,Gurugram,2033,booked,2026-08-28T14:54:44.373892+00:00,Shreya Rawat,+916696460283,customer195@kaushalkonnect.in
1049,748,6,Plumbing,Noida,1074,cancelled,2026-09-07T19:48:29.373892+00:00,Aditi Rao,+918271507603,customer6@kaushalkonnect.in
1050,970,508,Painting,Gurugram,2632,booked,2026-08-26T10:16:28.373892+00:00,Pooja Sheikh,+919301403601,customer508@kaushalkonnect.in
1051,163,90,Appliance Repair,Gurugram,3827,rejected,2026-07-11T20:04:46.373892+00:00,Ayush Srivastava,+917310982232,customer90@kaushalkonnect.in
1052,312,248,Carpentry,Greater Noida,2143,booked,2026-06-17T04:30:58.373892+00:00,Arnav Khan,+916696602547,customer248@kaushalkonnect.in
1053,157,388,Appliance Repair,Noida,1287,booked,2026-06-14T11:43:18.373892+00:00,Pradeep Joshi,+918745074261,customer388@kaushalkonnect.in
1054,122,434,Appliance Repair,Greater Noida,3867,booked,2026-07-20T17:15:05.373892+00:00,Rahul Pandey,+918671759943,customer434@kaushalkonnect.in
1055,17,17,Plumbing,Noida,974,booked,2026-07-26T07:54:43.373892+00:00,Kavita Patel,+919950452761,customer17@kaushalkonnect.in
1056,649,516,Plumbing,Delhi,1028,cancelled,2026-07-28T23:37:42.373892+00:00,Dev Kumar,+918917230024,customer516@kaushalkonnect.in
1057,7,380,Appliance Repair,Noida,1037,completed,2026-06-12T23:26:51.373892+00:00,Aditi Bisht,+918594147555,customer380@kaushalkonnect.in
1058,388,44,Plumbing,Gurugram,1642,booked,2026-06-24T12:30:34.373892+00:00,Siddharth Wadhwa,+916092012396,customer44@kaushalkonnect.in
1059,340,569,Home Cleaning,Ghaziabad,1346,booked,2026-06-25T06:34:28.373892+00:00,Mohit Verma,+916634993059,customer569@kaushalkonnect.in
1060,811,556,Appliance Repair,Ghaziabad,3166,booked,2026-08-19T00:40:04.373892+00:00,Ankit Arora,+918045058451,customer556@kaushalkonnect.in
1061,904,247,Electrical,Greater Noida,1070,requested,2026-06-29T16:56:56.373892+00:00,Gaurav Saxena,+917946882988,customer247@kaushalkonnect.in
1062,628,85,Carpentry,Noida,1234,requested,2026-08-17T19:44:13.373892+00:00,Gaurav Rao,+917006908314,customer85@kaushalkonnect.in
1063,895,450,Appliance Repair,Ghaziabad,1455,completed,2026-08-08T23:30:24.373892+00:00,Neeraj Agarwal,+918470253822,customer450@kaushalkonnect.in
1064,438,527,Carpentry,Delhi,949,requested,2026-07-09T06:34:04.373892+00:00,Anil Khan,+917459392776,customer527@kaushalkonnect.in
1065,891,335,Painting,Faridabad,2016,rejected,2026-08-04T09:48:49.373892+00:00,Shreya Das,+917309578108,customer335@kaushalkonnect.in
1066,951,355,Carpentry,Delhi,2035,requested,2026-08-03T13:48:51.373892+00:00,Rahul Saini,+919852992624,customer355@kaushalkonnect.in
1067,171,21,Appliance Repair,Faridabad,2118,cancelled,2026-06-20T21:18:18.373892+00:00,Naman Ansari,+918834023769,customer21@kaushalkonnect.in
1068,721,293,Home Cleaning,Gurugram,1231,completed,2026-07-29T08:53:22.373892+00:00,Isha Mehta,+918793003230,customer293@kaushalkonnect.in
1069,207,157,Painting,Ghaziabad,1339,completed,2026-07-29T03:53:39.373892+00:00,Aman Tripathi,+917631773114,customer157@kaushalkonnect.in
1070,66,220,Electrical,Delhi,1221,completed,2026-07-30T23:23:57.373892+00:00,Mohit Tripathi,+916920881774,customer220@kaushalkonnect.in
1071,781,591,Carpentry,Greater Noida,1526,completed,2026-08-13T06:02:13.373892+00:00,Neha Sharma,+918446802529,customer591@kaushalkonnect.in
1072,960,586,Electrical,Delhi,1645,cancelled,2026-08-15T16:42:12.373892+00:00,Rohit Thakur,+918381411361,customer586@kaushalkonnect.in
1073,204,317,Carpentry,Gurugram,940,requested,2026-07-26T13:27:10.373892+00:00,Vivek Patel,+917140868405,customer317@kaushalkonnect.in
1074,426,354,Home Cleaning,Greater Noida,1636,requested,2026-08-19T00:38:43.373892+00:00,Neeraj Saini,+919292479199,customer354@kaushalkonnect.in
1075,315,41,Carpentry,Gurugram,816,booked,2026-06-12T21:57:55.373892+00:00,Karan Sharma,+916107207304,customer41@kaushalkonnect.in
1076,274,237,Painting,Delhi,1545,completed,2026-08-20T16:39:46.373892+00:00,Isha Malhotra,+918638455022,customer237@kaushalkonnect.in
1077,543,230,Plumbing,Noida,1754,booked,2026-06-14T15:57:17.373892+00:00,Riya Sheikh,+917764133229,customer230@kaushalkonnect.in
1078,985,39,Home Cleaning,Greater Noida,1363,requested,2026-06-23T07:27:17.373892+00:00,Rakesh Nair,+916119019085,customer39@kaushalkonnect.in
1079,585,226,Electrical,Greater Noida,1079,requested,2026-08-11T03:07:52.373892+00:00,Nisha Patel,+916481608986,customer226@kaushalkonnect.in
1080,680,6,Carpentry,Noida,2610,booked,2026-08-24T14:54:49.373892+00:00,Aditi Rao,+918271507603,customer6@kaushalkonnect.in
1081,685,394,Appliance Repair,Greater Noida,700,completed,2026-09-06T16:43:34.373892+00:00,Anil Thakur,+917551313085,customer394@kaushalkonnect.in
1082,440,551,Home Cleaning,Faridabad,660,completed,2026-08-05T06:56:30.373892+00:00,Isha Bhardwaj,+917180987106,customer551@kaushalkonnect.in
1083,90,568,Home Cleaning,Delhi,979,completed,2026-06-26T18:18:26.373892+00:00,Pankaj Kohli,+917717004368,customer568@kaushalkonnect.in
1084,965,231,Electrical,Faridabad,1881,completed,2026-08-23T14:20:51.373892+00:00,Kunal Bhardwaj,+916344412499,customer231@kaushalkonnect.in
1085,904,454,Electrical,Ghaziabad,1353,requested,2026-08-01T15:08:38.373892+00:00,Pradeep Srivastava,+917858814204,customer454@kaushalkonnect.in
1086,295,228,Appliance Repair,Gurugram,2891,requested,2026-08-22T06:35:32.373892+00:00,Karan Patel,+916494472047,customer228@kaushalkonnect.in
1087,684,240,Electrical,Noida,703,cancelled,2026-06-30T05:30:58.373892+00:00,Ankit Das,+916278579410,customer240@kaushalkonnect.in
1088,432,595,Electrical,Gurugram,1064,requested,2026-09-03T11:56:25.373892+00:00,Anil Das,+916629388849,customer595@kaushalkonnect.in
1089,577,516,Painting,Delhi,2011,completed,2026-08-24T19:11:38.373892+00:00,Dev Kumar,+918917230024,customer516@kaushalkonnect.in
1090,480,594,Electrical,Delhi,669,requested,2026-08-24T13:56:49.373892+00:00,Sameer Tripathi,+917171719533,customer594@kaushalkonnect.in
1091,464,306,Electrical,Gurugram,1219,booked,2026-08-18T23:46:16.373892+00:00,Kavita Khanna,+918619490253,customer306@kaushalkonnect.in
1092,677,591,Plumbing,Greater Noida,1438,requested,2026-08-31T17:48:53.373892+00:00,Neha Sharma,+918446802529,customer591@kaushalkonnect.in
1093,229,170,Plumbing,Delhi,1757,rejected,2026-08-25T08:42:10.373892+00:00,Vivek Bhatia,+918360719546,customer170@kaushalkonnect.in
1094,54,558,Carpentry,Delhi,1567,rejected,2026-09-07T18:20:01.373892+00:00,Vikram Dutta,+918615549552,customer558@kaushalkonnect.in
1095,124,456,Electrical,Gurugram,2200,booked,2026-08-22T00:48:05.373892+00:00,Pradeep Rana,+919011963081,customer456@kaushalkonnect.in
1096,24,556,Carpentry,Ghaziabad,941,completed,2026-08-27T14:14:24.373892+00:00,Ankit Arora,+918045058451,customer556@kaushalkonnect.in
1097,446,435,Electrical,Delhi,2383,cancelled,2026-09-06T23:00:13.373892+00:00,Shreya Negi,+917096878396,customer435@kaushalkonnect.in
1098,124,120,Electrical,Greater Noida,857,booked,2026-07-16T12:27:15.373892+00:00,Arnav Saini,+917278996768,customer120@kaushalkonnect.in
1099,908,487,Appliance Repair,Delhi,2248,requested,2026-09-08T06:17:51.373892+00:00,Suman Mehta,+916333580421,customer487@kaushalkonnect.in
1100,494,134,Carpentry,Noida,2114,booked,2026-07-24T17:55:04.373892+00:00,Naman Arora,+916796938499,customer134@kaushalkonnect.in
1101,528,306,Home Cleaning,Gurugram,1056,requested,2026-06-20T15:19:45.373892+00:00,Kavita Khanna,+918619490253,customer306@kaushalkonnect.in
1102,140,465,Painting,Noida,1182,completed,2026-06-27T20:47:30.373892+00:00,Rohit Reddy,+919025670633,customer465@kaushalkonnect.in
1103,812,428,Carpentry,Greater Noida,2915,booked,2026-08-18T08:19:20.373892+00:00,Suman Kapoor,+918798976206,customer428@kaushalkonnect.in
1104,300,514,Home Cleaning,Delhi,628,completed,2026-07-12T19:35:17.373892+00:00,Kavita Rana,+918899280776,customer514@kaushalkonnect.in
1105,243,27,Appliance Repair,Gurugram,2181,cancelled,2026-07-09T14:59:34.373892+00:00,Sonam Ghosh,+918245125686,customer27@kaushalkonnect.in
1106,444,310,Painting,Noida,1736,completed,2026-06-22T14:03:58.373892+00:00,Sunil Sood,+918009818828,customer310@kaushalkonnect.in
1107,541,272,Home Cleaning,Delhi,1395,cancelled,2026-07-08T13:53:39.373892+00:00,Vikas Thakur,+918335530065,customer272@kaushalkonnect.in
1108,357,232,Painting,Faridabad,2655,requested,2026-08-02T21:16:30.373892+00:00,Sameer Agarwal,+916913813290,customer232@kaushalkonnect.in
1109,739,184,Electrical,Faridabad,1575,booked,2026-09-01T02:31:54.373892+00:00,Vikram Sood,+919686312008,customer184@kaushalkonnect.in
1110,989,276,Painting,Gurugram,2122,booked,2026-06-19T10:43:41.373892+00:00,Akash Bhatia,+919940142845,customer276@kaushalkonnect.in
1111,29,449,Home Cleaning,Noida,938,booked,2026-07-16T04:50:03.373892+00:00,Dev Iyer,+918327437095,customer449@kaushalkonnect.in
1112,752,114,Carpentry,Ghaziabad,1285,booked,2026-07-13T02:26:32.373892+00:00,Shreya Chaudhary,+918253113101,customer114@kaushalkonnect.in
1113,853,11,Electrical,Gurugram,1400,booked,2026-06-14T15:45:11.373892+00:00,Suman Shah,+919246399829,customer11@kaushalkonnect.in
1114,487,475,Plumbing,Faridabad,1788,requested,2026-08-09T22:03:44.373892+00:00,Neha Agarwal,+918415812320,customer475@kaushalkonnect.in
1115,872,485,Carpentry,Gurugram,2386,requested,2026-07-27T02:20:21.373892+00:00,Ravi Ansari,+917796008813,customer485@kaushalkonnect.in
1116,753,281,Painting,Gurugram,2080,requested,2026-06-26T03:48:53.373892+00:00,Sanjay Rao,+917747847178,customer281@kaushalkonnect.in
1117,888,10,Painting,Faridabad,928,completed,2026-08-14T22:36:20.373892+00:00,Nisha Saxena,+917657347670,customer10@kaushalkonnect.in
1118,813,56,Appliance Repair,Ghaziabad,3660,booked,2026-07-16T12:50:56.373892+00:00,Isha Singh,+916572768981,customer56@kaushalkonnect.in
1119,415,446,Painting,Ghaziabad,993,booked,2026-08-09T00:53:31.373892+00:00,Pankaj Jain,+917248509690,customer446@kaushalkonnect.in
1120,783,326,Home Cleaning,Delhi,1484,completed,2026-08-28T17:19:24.373892+00:00,Sonam Rawat,+916404414288,customer326@kaushalkonnect.in
1121,421,87,Plumbing,Delhi,1042,requested,2026-07-31T22:36:16.373892+00:00,Siddharth Singh,+917414787450,customer87@kaushalkonnect.in
1122,249,99,Appliance Repair,Delhi,908,cancelled,2026-06-29T16:03:17.373892+00:00,Ananya Negi,+918751410886,customer99@kaushalkonnect.in
1123,383,334,Appliance Repair,Faridabad,1511,completed,2026-08-06T05:10:37.373892+00:00,Neeraj Verma,+918515519928,customer334@kaushalkonnect.in
1124,107,542,Carpentry,Ghaziabad,2733,completed,2026-08-04T23:41:32.373892+00:00,Suman Kohli,+919228918772,customer542@kaushalkonnect.in
1125,565,468,Plumbing,Ghaziabad,1197,cancelled,2026-07-18T13:43:13.373892+00:00,Karan Khanna,+916112379420,customer468@kaushalkonnect.in
1126,800,249,Carpentry,Gurugram,2157,booked,2026-07-01T16:28:43.373892+00:00,Manish Thakur,+919039698984,customer249@kaushalkonnect.in
1127,244,118,Electrical,Delhi,1027,cancelled,2026-08-30T01:03:08.373892+00:00,Akash Ali,+918904630230,customer118@kaushalkonnect.in
1128,818,296,Carpentry,Ghaziabad,1356,booked,2026-08-29T14:43:57.373892+00:00,Aman Tiwari,+916000413354,customer296@kaushalkonnect.in
1129,406,556,Home Cleaning,Ghaziabad,789,booked,2026-07-18T16:47:29.373892+00:00,Ankit Arora,+918045058451,customer556@kaushalkonnect.in
1130,915,462,Painting,Faridabad,1190,requested,2026-08-11T03:19:24.373892+00:00,Riya Mehta,+918711053674,customer462@kaushalkonnect.in
1131,762,166,Electrical,Delhi,1797,requested,2026-07-27T11:35:14.373892+00:00,Neeraj Sharma,+916052441830,customer166@kaushalkonnect.in
1132,927,349,Plumbing,Faridabad,1406,booked,2026-07-21T20:21:23.373892+00:00,Sonam Iyer,+917637101777,customer349@kaushalkonnect.in
1133,302,211,Home Cleaning,Ghaziabad,1800,cancelled,2026-06-19T16:16:22.373892+00:00,Vivek Qureshi,+917255297557,customer211@kaushalkonnect.in
1134,355,105,Painting,Ghaziabad,2098,requested,2026-09-05T01:17:27.373892+00:00,Sonam Pandey,+917712321716,customer105@kaushalkonnect.in
1135,416,435,Electrical,Delhi,992,requested,2026-08-28T08:37:58.373892+00:00,Shreya Negi,+917096878396,customer435@kaushalkonnect.in
1136,6,343,Electrical,Delhi,1005,booked,2026-07-05T07:23:35.373892+00:00,Pooja Arora,+917678644017,customer343@kaushalkonnect.in
1137,768,319,Home Cleaning,Delhi,1209,requested,2026-09-09T05:13:50.373892+00:00,Divya Agarwal,+916066163974,customer319@kaushalkonnect.in
1138,14,4,Appliance Repair,Greater Noida,905,booked,2026-08-02T08:30:06.373892+00:00,Mohit Rana,+917865678875,customer4@kaushalkonnect.in
1139,232,433,Plumbing,Gurugram,2500,completed,2026-07-28T16:57:21.373892+00:00,Nikhil Iyer,+916644128695,customer433@kaushalkonnect.in
1140,491,312,Carpentry,Gurugram,2181,booked,2026-08-30T11:42:41.373892+00:00,Gaurav Sood,+917430201638,customer312@kaushalkonnect.in
1141,669,114,Home Cleaning,Ghaziabad,792,booked,2026-09-04T22:51:32.373892+00:00,Shreya Chaudhary,+918253113101,customer114@kaushalkonnect.in
1142,377,74,Plumbing,Delhi,909,rejected,2026-07-19T19:19:49.373892+00:00,Arjun Ali,+918593874794,customer74@kaushalkonnect.in
1143,119,260,Home Cleaning,Gurugram,774,completed,2026-07-12T08:56:28.373892+00:00,Amit Malhotra,+916323774308,customer260@kaushalkonnect.in
1144,503,495,Carpentry,Noida,1819,requested,2026-08-04T12:18:31.373892+00:00,Sakshi Patel,+918017379372,customer495@kaushalkonnect.in
1145,363,250,Plumbing,Greater Noida,1519,cancelled,2026-07-12T01:24:52.373892+00:00,Suman Verma,+918768077350,customer250@kaushalkonnect.in
1146,73,591,Electrical,Greater Noida,1456,completed,2026-08-23T05:15:32.373892+00:00,Neha Sharma,+918446802529,customer591@kaushalkonnect.in
1147,633,130,Home Cleaning,Noida,650,completed,2026-09-03T22:43:14.373892+00:00,Neha Saini,+918359561404,customer130@kaushalkonnect.in
1148,416,90,Electrical,Gurugram,1670,completed,2026-08-16T18:11:09.373892+00:00,Ayush Srivastava,+917310982232,customer90@kaushalkonnect.in
1149,784,366,Plumbing,Noida,675,rejected,2026-08-12T19:29:31.373892+00:00,Kavita Bansal,+919981916895,customer366@kaushalkonnect.in
1150,614,167,Home Cleaning,Noida,1577,requested,2026-06-27T11:37:32.373892+00:00,Naman Bansal,+919290222030,customer167@kaushalkonnect.in
1151,743,288,Plumbing,Faridabad,963,booked,2026-07-19T22:17:16.373892+00:00,Ananya Jain,+917306566964,customer288@kaushalkonnect.in
1152,362,495,Carpentry,Noida,3766,requested,2026-07-30T03:03:10.373892+00:00,Sakshi Patel,+918017379372,customer495@kaushalkonnect.in
1153,787,153,Home Cleaning,Ghaziabad,931,cancelled,2026-07-05T08:24:06.373892+00:00,Rohit Rana,+919554397259,customer153@kaushalkonnect.in
1154,789,469,Appliance Repair,Gurugram,2994,rejected,2026-06-22T13:32:12.373892+00:00,Priya Bhatia,+917178690535,customer469@kaushalkonnect.in
1155,148,215,Appliance Repair,Delhi,2408,booked,2026-07-03T00:32:51.373892+00:00,Ankit Bansal,+917167165365,customer215@kaushalkonnect.in
1156,539,29,Home Cleaning,Delhi,723,booked,2026-07-30T09:34:53.373892+00:00,Vivek Shah,+916302207410,customer29@kaushalkonnect.in
1157,650,35,Plumbing,Gurugram,2500,rejected,2026-08-22T23:21:28.373892+00:00,Nisha Mehta,+916462424676,customer35@kaushalkonnect.in
1158,62,537,Appliance Repair,Delhi,1851,completed,2026-06-15T01:44:19.373892+00:00,Karan Kohli,+919415864604,customer537@kaushalkonnect.in
1159,184,385,Painting,Delhi,1141,requested,2026-08-04T12:11:08.373892+00:00,Suraj Saxena,+917929928210,customer385@kaushalkonnect.in
1160,126,53,Electrical,Gurugram,1551,requested,2026-08-04T21:23:18.373892+00:00,Vinay Menon,+918174675907,customer53@kaushalkonnect.in
1161,664,523,Plumbing,Delhi,1135,requested,2026-07-06T11:20:03.373892+00:00,Sachin Rana,+918800975762,customer523@kaushalkonnect.in
1162,677,560,Plumbing,Delhi,911,requested,2026-08-02T12:58:02.373892+00:00,Pradeep Menon,+919319371669,customer560@kaushalkonnect.in
1163,596,87,Painting,Delhi,994,booked,2026-06-19T22:44:43.373892+00:00,Siddharth Singh,+917414787450,customer87@kaushalkonnect.in
1164,724,30,Plumbing,Noida,988,booked,2026-07-13T18:06:19.373892+00:00,Yash Chaudhary,+916131415788,customer30@kaushalkonnect.in
1165,925,7,Plumbing,Delhi,651,booked,2026-08-27T08:49:43.373892+00:00,Vinay Ansari,+916749555995,customer7@kaushalkonnect.in
1166,622,262,Carpentry,Delhi,3569,requested,2026-07-03T03:56:21.373892+00:00,Rakesh Rawat,+919454537489,customer262@kaushalkonnect.in
1167,378,75,Carpentry,Delhi,2705,booked,2026-08-11T04:35:33.373892+00:00,Vikas Chaudhary,+916829212705,customer75@kaushalkonnect.in
1168,174,394,Home Cleaning,Greater Noida,1117,completed,2026-06-21T21:39:57.373892+00:00,Anil Thakur,+917551313085,customer394@kaushalkonnect.in
1169,285,19,Painting,Gurugram,2108,booked,2026-08-23T20:42:29.373892+00:00,Vivek Sharma,+916461731048,customer19@kaushalkonnect.in
1170,238,125,Electrical,Gurugram,1324,requested,2026-07-13T23:41:29.373892+00:00,Nisha Menon,+919537475982,customer125@kaushalkonnect.in
1171,813,484,Appliance Repair,Gurugram,1741,booked,2026-09-04T16:39:51.373892+00:00,Kavita Ali,+916191889633,customer484@kaushalkonnect.in
1172,824,80,Appliance Repair,Delhi,1837,requested,2026-08-12T22:04:43.373892+00:00,Aman Mehta,+916450588002,customer80@kaushalkonnect.in
1173,976,312,Carpentry,Gurugram,1473,booked,2026-08-05T07:06:52.373892+00:00,Gaurav Sood,+917430201638,customer312@kaushalkonnect.in
1174,848,553,Plumbing,Ghaziabad,718,booked,2026-07-05T22:17:35.373892+00:00,Arjun Arora,+917042349691,customer553@kaushalkonnect.in
1175,210,368,Painting,Delhi,2350,cancelled,2026-07-07T19:03:28.373892+00:00,Rohit Dutta,+918615420051,customer368@kaushalkonnect.in
1176,513,298,Electrical,Delhi,823,completed,2026-06-14T16:09:03.373892+00:00,Ayush Chauhan,+919171889842,customer298@kaushalkonnect.in
1177,60,281,Plumbing,Gurugram,2145,booked,2026-08-23T17:30:36.373892+00:00,Sanjay Rao,+917747847178,customer281@kaushalkonnect.in
1178,828,86,Painting,Ghaziabad,1395,booked,2026-08-12T11:44:16.373892+00:00,Neha Iyer,+918364855851,customer86@kaushalkonnect.in
1179,403,380,Appliance Repair,Noida,1584,booked,2026-07-30T00:44:33.373892+00:00,Aditi Bisht,+918594147555,customer380@kaushalkonnect.in
1180,647,395,Electrical,Greater Noida,1744,completed,2026-08-05T16:54:53.373892+00:00,Yash Sood,+917389852540,customer395@kaushalkonnect.in
1181,826,183,Appliance Repair,Faridabad,2720,booked,2026-08-09T23:48:39.373892+00:00,Pooja Agarwal,+917293298587,customer183@kaushalkonnect.in
1182,4,448,Home Cleaning,Noida,809,completed,2026-07-10T15:15:15.373892+00:00,Siddharth Bhatia,+916241053361,customer448@kaushalkonnect.in
1183,368,468,Painting,Ghaziabad,1835,completed,2026-06-20T18:08:30.373892+00:00,Karan Khanna,+916112379420,customer468@kaushalkonnect.in
1184,742,214,Painting,Noida,2484,completed,2026-09-05T19:40:43.373892+00:00,Sunil Agarwal,+918658057535,customer214@kaushalkonnect.in
1185,58,126,Carpentry,Delhi,1574,requested,2026-08-22T07:52:25.373892+00:00,Shivam Naidu,+918280149372,customer126@kaushalkonnect.in
1186,420,228,Carpentry,Gurugram,2417,booked,2026-07-17T06:40:21.373892+00:00,Karan Patel,+916494472047,customer228@kaushalkonnect.in
1187,881,285,Home Cleaning,Noida,881,booked,2026-09-02T20:23:03.373892+00:00,Manish Khan,+917897003300,customer285@kaushalkonnect.in
1188,782,27,Plumbing,Gurugram,1238,requested,2026-08-02T09:32:31.373892+00:00,Sonam Ghosh,+918245125686,customer27@kaushalkonnect.in
1189,490,164,Carpentry,Gurugram,2112,booked,2026-07-13T04:18:36.373892+00:00,Divya Sharma,+918105422968,customer164@kaushalkonnect.in
1190,488,179,Painting,Ghaziabad,1863,completed,2026-07-27T18:06:12.373892+00:00,Priya Dutta,+916829457548,customer179@kaushalkonnect.in
1191,637,214,Home Cleaning,Noida,615,booked,2026-06-24T03:58:41.373892+00:00,Sunil Agarwal,+918658057535,customer214@kaushalkonnect.in
1192,720,320,Plumbing,Delhi,1515,completed,2026-06-20T17:08:22.373892+00:00,Priya Roy,+918406845780,customer320@kaushalkonnect.in
1193,32,584,Electrical,Faridabad,761,requested,2026-07-14T17:17:54.373892+00:00,Neha Verma,+918053138003,customer584@kaushalkonnect.in
1194,566,48,Painting,Delhi,1870,booked,2026-07-05T17:48:04.373892+00:00,Ashish Tripathi,+916647855605,customer48@kaushalkonnect.in
1195,92,508,Plumbing,Gurugram,1116,requested,2026-06-23T02:50:17.373892+00:00,Pooja Sheikh,+919301403601,customer508@kaushalkonnect.in
1196,121,402,Painting,Noida,1354,booked,2026-09-05T06:37:18.373892+00:00,Ananya Mishra,+917127061635,customer402@kaushalkonnect.in
1197,913,282,Electrical,Gurugram,1406,cancelled,2026-07-10T03:38:19.373892+00:00,Isha Saxena,+918905967132,customer282@kaushalkonnect.in
1198,212,295,Carpentry,Noida,1328,booked,2026-06-24T04:34:53.373892+00:00,Sachin Sharma,+918826481746,customer295@kaushalkonnect.in
1199,391,418,Home Cleaning,Delhi,705,booked,2026-08-17T15:09:23.373892+00:00,Vinay Srivastava,+919267599617,customer418@kaushalkonnect.in
1200,29,590,Home Cleaning,Gurugram,858,requested,2026-06-25T15:55:12.373892+00:00,Riya Sharma,+917026285367,customer590@kaushalkonnect.in
1201,769,536,Painting,Delhi,2536,requested,2026-07-03T17:45:34.373892+00:00,Ananya Ghosh,+918112041175,customer536@kaushalkonnect.in
1202,253,269,Electrical,Delhi,1321,booked,2026-08-02T00:46:50.373892+00:00,Suraj Kohli,+917917028496,customer269@kaushalkonnect.in
1203,745,571,Painting,Gurugram,1192,booked,2026-08-14T18:50:29.373892+00:00,Sachin Patel,+919133129664,customer571@kaushalkonnect.in
1204,268,479,Electrical,Noida,1332,booked,2026-07-20T11:45:30.373892+00:00,Arnav Sharma,+916203976808,customer479@kaushalkonnect.in
1205,130,335,Electrical,Faridabad,2041,completed,2026-08-20T04:40:05.373892+00:00,Shreya Das,+917309578108,customer335@kaushalkonnect.in
1206,493,460,Painting,Gurugram,2502,requested,2026-08-02T08:09:21.373892+00:00,Rakesh Sheikh,+916441062571,customer460@kaushalkonnect.in
1207,564,499,Carpentry,Ghaziabad,1611,completed,2026-07-12T22:12:52.373892+00:00,Deepak Mishra,+917088184960,customer499@kaushalkonnect.in
1208,371,216,Appliance Repair,Noida,2008,requested,2026-08-05T00:34:17.373892+00:00,Mohit Rao,+918547854797,customer216@kaushalkonnect.in
1209,466,166,Plumbing,Delhi,1386,requested,2026-07-14T22:15:51.373892+00:00,Neeraj Sharma,+916052441830,customer166@kaushalkonnect.in
1210,867,249,Carpentry,Gurugram,2230,booked,2026-06-12T05:02:22.373892+00:00,Manish Thakur,+919039698984,customer249@kaushalkonnect.in
1211,848,256,Plumbing,Ghaziabad,1185,booked,2026-06-17T23:44:21.373892+00:00,Shreya Kapoor,+916173667269,customer256@kaushalkonnect.in
1212,532,530,Home Cleaning,Gurugram,1201,requested,2026-06-18T21:59:01.373892+00:00,Rahul Patel,+918088665239,customer530@kaushalkonnect.in
1213,396,440,Appliance Repair,Ghaziabad,1454,completed,2026-07-18T16:20:08.373892+00:00,Neeraj Mishra,+916363199951,customer440@kaushalkonnect.in
1214,935,412,Plumbing,Ghaziabad,1389,completed,2026-08-28T16:01:42.373892+00:00,Priya Tiwari,+918533674697,customer412@kaushalkonnect.in
1215,428,429,Appliance Repair,Gurugram,2833,booked,2026-06-28T22:28:04.373892+00:00,Yogesh Rana,+917907513866,customer429@kaushalkonnect.in
1216,691,97,Electrical,Delhi,1501,completed,2026-08-10T09:20:13.373892+00:00,Kavita Kohli,+917223748296,customer97@kaushalkonnect.in
1217,296,422,Plumbing,Noida,1312,completed,2026-08-31T02:26:01.373892+00:00,Pankaj Arora,+917739957031,customer422@kaushalkonnect.in
1218,625,99,Carpentry,Delhi,2600,booked,2026-08-30T12:12:20.373892+00:00,Ananya Negi,+918751410886,customer99@kaushalkonnect.in
1219,727,199,Electrical,Noida,719,requested,2026-08-05T21:46:53.373892+00:00,Shreya Kumar,+919075629003,customer199@kaushalkonnect.in
1220,660,448,Home Cleaning,Noida,979,booked,2026-08-19T19:32:46.373892+00:00,Siddharth Bhatia,+916241053361,customer448@kaushalkonnect.in
1221,32,304,Electrical,Delhi,1307,requested,2026-07-09T04:05:10.373892+00:00,Neeraj Roy,+918941732358,customer304@kaushalkonnect.in
1222,932,491,Painting,Greater Noida,2215,cancelled,2026-08-02T16:21:35.373892+00:00,Aarav Menon,+918453655982,customer491@kaushalkonnect.in
1223,994,402,Carpentry,Noida,2760,cancelled,2026-06-15T14:48:58.373892+00:00,Ananya Mishra,+917127061635,customer402@kaushalkonnect.in
1224,97,445,Carpentry,Delhi,800,completed,2026-06-24T01:04:51.373892+00:00,Pankaj Ansari,+917866394351,customer445@kaushalkonnect.in
1225,85,52,Appliance Repair,Noida,1410,cancelled,2026-06-22T22:27:39.373892+00:00,Meera Ghosh,+919924454531,customer52@kaushalkonnect.in
1226,905,522,Home Cleaning,Greater Noida,678,completed,2026-09-05T14:26:41.373892+00:00,Sonam Chaudhary,+918771796443,customer522@kaushalkonnect.in
1227,914,364,Electrical,Greater Noida,707,booked,2026-06-29T23:36:28.373892+00:00,Mohit Reddy,+916384701713,customer364@kaushalkonnect.in
1228,588,240,Plumbing,Noida,1530,requested,2026-08-07T19:40:54.373892+00:00,Ankit Das,+916278579410,customer240@kaushalkonnect.in
1229,648,16,Plumbing,Greater Noida,1167,booked,2026-07-18T06:35:44.373892+00:00,Mohit Saini,+919977886998,customer16@kaushalkonnect.in
1230,232,336,Plumbing,Ghaziabad,1061,completed,2026-07-05T06:38:36.373892+00:00,Neeraj Rawat,+918418617072,customer336@kaushalkonnect.in
1231,199,481,Plumbing,Faridabad,2262,requested,2026-08-09T22:46:58.373892+00:00,Sonam Sood,+918928709482,customer481@kaushalkonnect.in
1232,379,197,Painting,Gurugram,801,requested,2026-06-13T18:59:44.373892+00:00,Vikram Jain,+916471203455,customer197@kaushalkonnect.in
1233,907,230,Carpentry,Noida,1997,cancelled,2026-06-21T23:00:22.373892+00:00,Riya Sheikh,+917764133229,customer230@kaushalkonnect.in
1234,509,295,Home Cleaning,Noida,917,requested,2026-06-30T06:32:15.373892+00:00,Sachin Sharma,+918826481746,customer295@kaushalkonnect.in
1235,664,501,Plumbing,Noida,774,completed,2026-07-09T16:05:17.373892+00:00,Aarav Joshi,+917984556435,customer501@kaushalkonnect.in
1236,7,370,Appliance Repair,Delhi,1405,completed,2026-07-06T04:15:15.373892+00:00,Pradeep Bisht,+916369601399,customer370@kaushalkonnect.in
1237,128,462,Painting,Faridabad,800,completed,2026-08-19T04:35:27.373892+00:00,Riya Mehta,+918711053674,customer462@kaushalkonnect.in
1238,232,151,Plumbing,Delhi,2490,requested,2026-08-20T04:03:59.373892+00:00,Ankit Srivastava,+918845903622,customer151@kaushalkonnect.in
1239,899,363,Appliance Repair,Noida,1508,booked,2026-09-04T23:35:35.373892+00:00,Naman Bisht,+918971798824,customer363@kaushalkonnect.in
1240,766,140,Appliance Repair,Gurugram,2035,booked,2026-07-21T02:05:45.373892+00:00,Vinay Verma,+916153842142,customer140@kaushalkonnect.in
1241,750,390,Appliance Repair,Delhi,3634,completed,2026-06-13T21:31:56.373892+00:00,Neha Arora,+918665113514,customer390@kaushalkonnect.in
1242,718,252,Home Cleaning,Delhi,1283,cancelled,2026-08-16T09:06:10.373892+00:00,Pankaj Sood,+917611950964,customer252@kaushalkonnect.in
1243,174,373,Home Cleaning,Faridabad,1164,booked,2026-06-21T23:28:53.373892+00:00,Deepak Bhardwaj,+916071465738,customer373@kaushalkonnect.in
1244,974,128,Home Cleaning,Gurugram,912,booked,2026-06-19T02:53:07.373892+00:00,Sanjay Rawat,+918586491298,customer128@kaushalkonnect.in
1245,349,586,Home Cleaning,Delhi,624,cancelled,2026-09-06T12:13:25.373892+00:00,Rohit Thakur,+918381411361,customer586@kaushalkonnect.in
1246,109,270,Electrical,Gurugram,2050,requested,2026-07-09T07:22:56.373892+00:00,Siddharth Roy,+918355381332,customer270@kaushalkonnect.in
1247,676,310,Electrical,Noida,1026,booked,2026-06-14T01:09:58.373892+00:00,Sunil Sood,+918009818828,customer310@kaushalkonnect.in
1248,493,259,Painting,Gurugram,1663,booked,2026-07-04T22:15:46.373892+00:00,Akash Chaudhary,+917819242275,customer259@kaushalkonnect.in
1249,822,187,Electrical,Noida,1825,booked,2026-07-24T18:39:06.373892+00:00,Pradeep Negi,+917214329566,customer187@kaushalkonnect.in
1250,270,94,Plumbing,Gurugram,600,completed,2026-06-18T20:56:06.373892+00:00,Riya Bhatia,+918371850287,customer94@kaushalkonnect.in
1251,683,133,Electrical,Delhi,1293,booked,2026-08-31T15:52:10.373892+00:00,Sunil Chauhan,+917926050435,customer133@kaushalkonnect.in
1252,728,193,Carpentry,Greater Noida,1755,booked,2026-07-25T23:06:36.373892+00:00,Deepika Jain,+916301811997,customer193@kaushalkonnect.in
1253,569,184,Plumbing,Faridabad,2052,booked,2026-08-25T18:24:27.373892+00:00,Vikram Sood,+919686312008,customer184@kaushalkonnect.in
1254,759,340,Home Cleaning,Ghaziabad,906,completed,2026-07-17T07:44:38.373892+00:00,Aarav Sood,+916897254814,customer340@kaushalkonnect.in
1255,1002,500,Home Cleaning,Faridabad,601,completed,2026-08-24T12:54:14.373892+00:00,Rohit Das,+919484665303,customer500@kaushalkonnect.in
1256,320,246,Home Cleaning,Gurugram,946,rejected,2026-08-18T15:31:35.373892+00:00,Deepika Arora,+916572656876,customer246@kaushalkonnect.in
1257,328,295,Electrical,Noida,1652,booked,2026-06-26T16:15:49.373892+00:00,Sachin Sharma,+918826481746,customer295@kaushalkonnect.in
1258,10,425,Painting,Ghaziabad,1512,requested,2026-08-30T03:14:15.373892+00:00,Nisha Jain,+917677283641,customer425@kaushalkonnect.in
1259,477,518,Painting,Delhi,1745,completed,2026-08-10T04:26:24.373892+00:00,Shivam Kohli,+917982565130,customer518@kaushalkonnect.in
1260,727,239,Electrical,Noida,1880,completed,2026-07-13T10:26:40.373892+00:00,Manish Reddy,+917750603384,customer239@kaushalkonnect.in
1261,819,451,Home Cleaning,Noida,1122,completed,2026-07-12T16:06:13.373892+00:00,Aarav Qureshi,+919484301459,customer451@kaushalkonnect.in
1262,431,1,Painting,Gurugram,1790,completed,2026-08-17T11:55:01.373892+00:00,Simran Srivastava,+916082754432,customer1@kaushalkonnect.in
1263,264,375,Electrical,Faridabad,875,booked,2026-06-12T20:03:00.373892+00:00,Bhavna Kapoor,+919134725344,customer375@kaushalkonnect.in
1264,114,560,Painting,Delhi,954,requested,2026-06-17T10:49:58.373892+00:00,Pradeep Menon,+919319371669,customer560@kaushalkonnect.in
1265,674,244,Appliance Repair,Noida,3286,requested,2026-07-02T01:34:45.373892+00:00,Bhavna Naidu,+918645996516,customer244@kaushalkonnect.in
1266,635,151,Home Cleaning,Delhi,867,requested,2026-07-24T17:12:14.373892+00:00,Ankit Srivastava,+918845903622,customer151@kaushalkonnect.in
1267,417,100,Plumbing,Delhi,735,booked,2026-07-02T08:34:41.373892+00:00,Shivam Sharma,+919798846461,customer100@kaushalkonnect.in
1268,72,420,Appliance Repair,Ghaziabad,2600,completed,2026-08-29T20:53:55.373892+00:00,Priya Bansal,+919319986427,customer420@kaushalkonnect.in
1269,55,331,Carpentry,Greater Noida,1795,requested,2026-08-02T14:39:29.373892+00:00,Nisha Malhotra,+919455509459,customer331@kaushalkonnect.in
1270,44,118,Carpentry,Delhi,1383,requested,2026-08-15T13:18:04.373892+00:00,Akash Ali,+918904630230,customer118@kaushalkonnect.in
1271,922,19,Carpentry,Gurugram,2245,booked,2026-07-15T19:03:51.373892+00:00,Vivek Sharma,+916461731048,customer19@kaushalkonnect.in
1272,225,204,Plumbing,Delhi,1101,requested,2026-08-21T16:30:52.373892+00:00,Rakesh Mishra,+918137619980,customer204@kaushalkonnect.in
1273,483,62,Carpentry,Ghaziabad,1366,completed,2026-07-18T09:47:45.373892+00:00,Akash Tiwari,+917618890194,customer62@kaushalkonnect.in
1274,291,455,Painting,Gurugram,1991,completed,2026-07-12T01:19:12.373892+00:00,Deepak Ansari,+917077747252,customer455@kaushalkonnect.in
1275,469,451,Home Cleaning,Noida,1078,completed,2026-08-25T15:18:15.373892+00:00,Aarav Qureshi,+919484301459,customer451@kaushalkonnect.in
1276,870,524,Plumbing,Ghaziabad,1329,booked,2026-06-23T12:44:37.373892+00:00,Ravi Jain,+918162698503,customer524@kaushalkonnect.in
1277,53,264,Painting,Noida,1380,booked,2026-07-05T00:55:10.373892+00:00,Divya Rawat,+917913417288,customer264@kaushalkonnect.in
1278,326,166,Plumbing,Delhi,1782,requested,2026-07-09T07:33:14.373892+00:00,Neeraj Sharma,+916052441830,customer166@kaushalkonnect.in
1279,139,41,Electrical,Gurugram,895,cancelled,2026-09-08T15:37:20.373892+00:00,Karan Sharma,+916107207304,customer41@kaushalkonnect.in
1280,91,79,Electrical,Delhi,1119,booked,2026-06-27T21:27:59.373892+00:00,Amit Joshi,+917611705539,customer79@kaushalkonnect.in
1281,517,314,Carpentry,Noida,2396,booked,2026-07-23T11:40:00.373892+00:00,Sakshi Verma,+919858809607,customer314@kaushalkonnect.in
1282,841,530,Carpentry,Gurugram,1870,booked,2026-08-20T02:35:23.373892+00:00,Rahul Patel,+918088665239,customer530@kaushalkonnect.in
1283,130,203,Electrical,Faridabad,1380,booked,2026-08-17T05:27:18.373892+00:00,Deepika Dutta,+917997223118,customer203@kaushalkonnect.in
1284,381,204,Carpentry,Delhi,2279,requested,2026-07-28T06:54:08.373892+00:00,Rakesh Mishra,+918137619980,customer204@kaushalkonnect.in
1285,582,217,Painting,Delhi,2529,booked,2026-07-04T18:57:05.373892+00:00,Aarav Bhardwaj,+918597580626,customer217@kaushalkonnect.in
1286,573,69,Painting,Delhi,1317,rejected,2026-06-11T22:13:22.373892+00:00,Sachin Das,+919590159232,customer69@kaushalkonnect.in
1287,540,156,Painting,Noida,1812,cancelled,2026-07-30T20:39:25.373892+00:00,Nikhil Yadav,+916619727559,customer156@kaushalkonnect.in
1288,445,337,Home Cleaning,Gurugram,869,booked,2026-07-03T18:53:53.373892+00:00,Sachin Shah,+918827315015,customer337@kaushalkonnect.in
1289,506,110,Painting,Delhi,800,cancelled,2026-08-04T23:22:45.373892+00:00,Kunal Sheikh,+917468950294,customer110@kaushalkonnect.in
1290,955,214,Carpentry,Noida,2141,completed,2026-07-17T11:02:33.373892+00:00,Sunil Agarwal,+918658057535,customer214@kaushalkonnect.in
1291,152,381,Appliance Repair,Delhi,3917,booked,2026-07-20T13:41:37.373892+00:00,Gaurav Shah,+918155868243,customer381@kaushalkonnect.in
1292,741,272,Appliance Repair,Delhi,2288,requested,2026-08-02T15:21:48.373892+00:00,Vikas Thakur,+918335530065,customer272@kaushalkonnect.in
1293,550,498,Appliance Repair,Delhi,2006,completed,2026-06-17T16:33:37.373892+00:00,Shreya Thakur,+918616624771,customer498@kaushalkonnect.in
1294,687,26,Painting,Ghaziabad,1660,booked,2026-07-27T06:39:18.373892+00:00,Pooja Rawat,+917561657903,customer26@kaushalkonnect.in
1295,832,71,Painting,Gurugram,900,requested,2026-08-22T05:02:10.373892+00:00,Nisha Dutta,+919447836877,customer71@kaushalkonnect.in
1296,753,262,Painting,Delhi,1767,completed,2026-09-02T03:17:15.373892+00:00,Rakesh Rawat,+919454537489,customer262@kaushalkonnect.in
1297,257,236,Electrical,Delhi,1173,completed,2026-07-21T09:26:42.373892+00:00,Sonam Malhotra,+918250489029,customer236@kaushalkonnect.in
1298,424,213,Home Cleaning,Gurugram,855,requested,2026-07-03T20:30:05.373892+00:00,Ayush Pandey,+918315183022,customer213@kaushalkonnect.in
1299,569,405,Plumbing,Faridabad,1070,completed,2026-07-21T01:42:37.373892+00:00,Yash Sheikh,+918589600690,customer405@kaushalkonnect.in
1300,138,600,Painting,Noida,2123,booked,2026-09-02T16:47:18.373892+00:00,Vikram Nair,+917497239865,customer600@kaushalkonnect.in
1301,701,8,Home Cleaning,Delhi,1121,requested,2026-06-29T09:39:17.373892+00:00,Sameer Bisht,+917655985387,customer8@kaushalkonnect.in
1302,161,165,Home Cleaning,Delhi,1403,cancelled,2026-06-24T16:33:06.373892+00:00,Sachin Saini,+917692881628,customer165@kaushalkonnect.in
1303,194,367,Electrical,Delhi,977,booked,2026-07-31T00:44:15.373892+00:00,Sakshi Bhatia,+918332093858,customer367@kaushalkonnect.in
1304,632,547,Plumbing,Greater Noida,1112,cancelled,2026-08-14T23:30:55.373892+00:00,Naman Bhatia,+916004513153,customer547@kaushalkonnect.in
1305,591,326,Appliance Repair,Delhi,1046,completed,2026-06-14T12:28:49.373892+00:00,Sonam Rawat,+916404414288,customer326@kaushalkonnect.in
1306,809,341,Painting,Noida,810,requested,2026-07-21T18:19:35.373892+00:00,Yogesh Joshi,+919233980532,customer341@kaushalkonnect.in
1307,101,270,Home Cleaning,Gurugram,1354,booked,2026-07-10T01:02:41.373892+00:00,Siddharth Roy,+918355381332,customer270@kaushalkonnect.in
1308,707,373,Home Cleaning,Faridabad,746,booked,2026-08-24T03:07:32.373892+00:00,Deepak Bhardwaj,+916071465738,customer373@kaushalkonnect.in
1309,22,485,Appliance Repair,Gurugram,2091,booked,2026-07-21T17:48:46.373892+00:00,Ravi Ansari,+917796008813,customer485@kaushalkonnect.in
1310,337,463,Electrical,Delhi,1128,booked,2026-07-28T05:00:42.373892+00:00,Siddharth Iyer,+919869412403,customer463@kaushalkonnect.in
1311,411,83,Painting,Ghaziabad,2552,booked,2026-08-27T21:34:03.373892+00:00,Kavita Dutta,+919247075319,customer83@kaushalkonnect.in
1312,979,150,Home Cleaning,Delhi,985,requested,2026-07-29T03:09:34.373892+00:00,Deepak Chauhan,+917492215790,customer150@kaushalkonnect.in
1313,137,549,Carpentry,Delhi,2921,completed,2026-07-26T20:58:18.373892+00:00,Sonam Kumar,+918885796442,customer549@kaushalkonnect.in
1314,846,500,Electrical,Faridabad,1734,completed,2026-08-26T19:43:15.373892+00:00,Rohit Das,+919484665303,customer500@kaushalkonnect.in
1315,678,190,Carpentry,Ghaziabad,985,completed,2026-07-09T05:58:58.373892+00:00,Pooja Joshi,+918637059652,customer190@kaushalkonnect.in
1316,500,520,Painting,Ghaziabad,2041,cancelled,2026-08-06T15:43:07.373892+00:00,Rahul Mehta,+917309880076,customer520@kaushalkonnect.in
1317,879,466,Electrical,Gurugram,1225,requested,2026-07-03T20:53:19.373892+00:00,Kavita Roy,+918314430919,customer466@kaushalkonnect.in
1318,666,497,Plumbing,Faridabad,1430,booked,2026-08-20T11:16:12.373892+00:00,Dev Negi,+919059434779,customer497@kaushalkonnect.in
1319,683,232,Electrical,Faridabad,1927,booked,2026-07-30T17:59:11.373892+00:00,Sameer Agarwal,+916913813290,customer232@kaushalkonnect.in
1320,72,239,Appliance Repair,Noida,997,requested,2026-07-13T21:49:26.373892+00:00,Manish Reddy,+917750603384,customer239@kaushalkonnect.in
1321,518,111,Home Cleaning,Faridabad,995,completed,2026-07-14T04:49:38.373892+00:00,Bhavna Jain,+918614507171,customer111@kaushalkonnect.in
1322,252,600,Electrical,Noida,1281,booked,2026-07-04T04:13:06.373892+00:00,Vikram Nair,+917497239865,customer600@kaushalkonnect.in
1323,273,334,Electrical,Faridabad,1592,booked,2026-08-12T18:48:42.373892+00:00,Neeraj Verma,+918515519928,customer334@kaushalkonnect.in
1324,887,97,Electrical,Delhi,1821,requested,2026-09-04T22:55:57.373892+00:00,Kavita Kohli,+917223748296,customer97@kaushalkonnect.in
1325,618,143,Painting,Delhi,2445,cancelled,2026-07-21T09:00:42.373892+00:00,Rohit Qureshi,+918558284374,customer143@kaushalkonnect.in
1326,653,586,Appliance Repair,Delhi,2816,completed,2026-07-10T15:57:48.373892+00:00,Rohit Thakur,+918381411361,customer586@kaushalkonnect.in
1327,744,109,Plumbing,Gurugram,1984,completed,2026-08-31T22:45:00.373892+00:00,Ravi Wadhwa,+916211465544,customer109@kaushalkonnect.in
1328,717,25,Appliance Repair,Ghaziabad,887,completed,2026-07-15T07:42:22.373892+00:00,Raj Rao,+918939131163,customer25@kaushalkonnect.in
1329,51,424,Plumbing,Greater Noida,948,completed,2026-08-05T08:47:59.373892+00:00,Ananya Arora,+917773059011,customer424@kaushalkonnect.in
1330,923,295,Painting,Noida,1489,requested,2026-07-15T05:17:01.373892+00:00,Sachin Sharma,+918826481746,customer295@kaushalkonnect.in
1331,730,419,Appliance Repair,Delhi,2724,requested,2026-07-02T03:56:02.373892+00:00,Ashish Mehta,+918546669778,customer419@kaushalkonnect.in
1332,757,212,Home Cleaning,Faridabad,1300,requested,2026-07-29T14:07:13.373892+00:00,Ankit Kapoor,+919848242279,customer212@kaushalkonnect.in
1333,920,307,Plumbing,Gurugram,1069,requested,2026-07-30T20:13:42.373892+00:00,Ayush Sharma,+917471001363,customer307@kaushalkonnect.in
1334,880,474,Home Cleaning,Delhi,781,completed,2026-08-20T06:24:49.373892+00:00,Karan Malhotra,+919504063004,customer474@kaushalkonnect.in
1335,35,48,Appliance Repair,Delhi,2451,booked,2026-07-04T19:23:01.373892+00:00,Ashish Tripathi,+916647855605,customer48@kaushalkonnect.in
1336,883,479,Painting,Noida,1592,booked,2026-09-01T17:33:45.373892+00:00,Arnav Sharma,+916203976808,customer479@kaushalkonnect.in
1337,473,503,Home Cleaning,Delhi,870,booked,2026-07-13T01:36:11.373892+00:00,Pradeep Nair,+916911598098,customer503@kaushalkonnect.in
1338,956,73,Carpentry,Delhi,1955,booked,2026-08-20T03:19:47.373892+00:00,Meera Kumar,+917136132628,customer73@kaushalkonnect.in
1339,645,254,Plumbing,Ghaziabad,2137,completed,2026-07-18T20:02:21.373892+00:00,Vikram Naidu,+919213662184,customer254@kaushalkonnect.in
1340,142,443,Appliance Repair,Gurugram,1882,completed,2026-08-26T01:38:15.373892+00:00,Vivek Chaudhary,+919786891020,customer443@kaushalkonnect.in
1341,502,188,Carpentry,Noida,2003,requested,2026-09-06T21:42:35.373892+00:00,Anjali Nair,+917706143497,customer188@kaushalkonnect.in
1342,56,239,Carpentry,Noida,1717,booked,2026-07-25T01:31:48.373892+00:00,Manish Reddy,+917750603384,customer239@kaushalkonnect.in
1343,180,33,Plumbing,Noida,1115,booked,2026-08-13T18:03:10.373892+00:00,Anil Sheikh,+918219070237,customer33@kaushalkonnect.in
1344,38,584,Electrical,Faridabad,2667,booked,2026-08-03T17:40:41.373892+00:00,Neha Verma,+918053138003,customer584@kaushalkonnect.in
1345,516,86,Electrical,Ghaziabad,1378,booked,2026-09-08T07:50:47.373892+00:00,Neha Iyer,+918364855851,customer86@kaushalkonnect.in
1346,533,117,Home Cleaning,Delhi,1414,completed,2026-08-16T17:08:24.373892+00:00,Karan Das,+916631610690,customer117@kaushalkonnect.in
1347,390,96,Appliance Repair,Noida,2569,booked,2026-08-19T16:58:58.373892+00:00,Aman Gupta,+916403387491,customer96@kaushalkonnect.in
1348,288,463,Painting,Delhi,1512,completed,2026-08-29T01:42:28.373892+00:00,Siddharth Iyer,+919869412403,customer463@kaushalkonnect.in
1349,880,554,Home Cleaning,Delhi,786,cancelled,2026-08-28T11:24:00.373892+00:00,Akash Kumar,+919143990412,customer554@kaushalkonnect.in
1350,39,254,Electrical,Ghaziabad,941,cancelled,2026-07-29T20:49:08.373892+00:00,Vikram Naidu,+919213662184,customer254@kaushalkonnect.in
1351,581,394,Electrical,Greater Noida,1688,booked,2026-06-20T00:20:30.373892+00:00,Anil Thakur,+917551313085,customer394@kaushalkonnect.in
1352,464,66,Electrical,Noida,883,completed,2026-06-14T10:35:31.373892+00:00,Sonam Agarwal,+917765146694,customer66@kaushalkonnect.in
1353,932,546,Painting,Faridabad,1521,requested,2026-09-06T17:01:37.373892+00:00,Nisha Chauhan,+916420303116,customer546@kaushalkonnect.in
1354,987,43,Appliance Repair,Gurugram,2372,booked,2026-08-13T21:27:14.373892+00:00,Suraj Sood,+917704601150,customer43@kaushalkonnect.in
1355,12,220,Carpentry,Delhi,2072,completed,2026-06-27T08:08:05.373892+00:00,Mohit Tripathi,+916920881774,customer220@kaushalkonnect.in
1356,802,206,Electrical,Noida,2455,booked,2026-06-15T22:34:28.373892+00:00,Kunal Joshi,+918647799336,customer206@kaushalkonnect.in
1357,863,218,Appliance Repair,Gurugram,2630,booked,2026-07-30T14:55:18.373892+00:00,Kavita Tripathi,+918352781349,customer218@kaushalkonnect.in
1358,459,162,Home Cleaning,Ghaziabad,892,booked,2026-09-08T01:13:02.373892+00:00,Vikas Yadav,+919280802869,customer162@kaushalkonnect.in
1359,490,443,Carpentry,Gurugram,2561,cancelled,2026-07-23T21:34:02.373892+00:00,Vivek Chaudhary,+919786891020,customer443@kaushalkonnect.in
1360,429,532,Carpentry,Delhi,2463,completed,2026-07-15T05:48:43.373892+00:00,Yogesh Das,+918928210204,customer532@kaushalkonnect.in
1361,380,547,Appliance Repair,Greater Noida,2138,requested,2026-09-03T18:21:14.373892+00:00,Naman Bhatia,+916004513153,customer547@kaushalkonnect.in
1362,466,6,Plumbing,Noida,1204,rejected,2026-07-03T14:15:47.373892+00:00,Aditi Rao,+918271507603,customer6@kaushalkonnect.in
1363,355,582,Painting,Greater Noida,1644,booked,2026-06-15T12:13:23.373892+00:00,Suman Mishra,+917801734373,customer582@kaushalkonnect.in
1364,187,38,Appliance Repair,Noida,1327,booked,2026-07-26T04:57:43.373892+00:00,Vivek Khanna,+916955463077,customer38@kaushalkonnect.in
1365,51,465,Plumbing,Noida,1188,completed,2026-07-31T12:12:35.373892+00:00,Rohit Reddy,+919025670633,customer465@kaushalkonnect.in
1366,643,303,Electrical,Noida,1008,completed,2026-07-29T14:45:35.373892+00:00,Aman Menon,+918072606082,customer303@kaushalkonnect.in
1367,930,455,Painting,Gurugram,1050,completed,2026-07-29T16:28:37.373892+00:00,Deepak Ansari,+917077747252,customer455@kaushalkonnect.in
1368,165,411,Home Cleaning,Faridabad,917,completed,2026-08-02T08:06:57.373892+00:00,Meera Bhatia,+917629355210,customer411@kaushalkonnect.in
1369,551,151,Home Cleaning,Delhi,1345,completed,2026-08-23T01:03:07.373892+00:00,Ankit Srivastava,+918845903622,customer151@kaushalkonnect.in
1370,964,36,Home Cleaning,Faridabad,592,completed,2026-08-16T18:39:34.373892+00:00,Sachin Dutta,+919322371606,customer36@kaushalkonnect.in
1371,558,284,Carpentry,Noida,2684,completed,2026-06-16T00:05:26.373892+00:00,Nisha Negi,+916918387884,customer284@kaushalkonnect.in
1372,203,3,Carpentry,Faridabad,2817,booked,2026-06-30T21:36:14.373892+00:00,Anil Arora,+916589522046,customer3@kaushalkonnect.in
1373,848,309,Plumbing,Noida,2245,requested,2026-08-03T11:57:06.373892+00:00,Ashish Qureshi,+917601537906,customer309@kaushalkonnect.in
1374,95,112,Home Cleaning,Delhi,871,booked,2026-06-26T11:26:11.373892+00:00,Arjun Wadhwa,+919666901867,customer112@kaushalkonnect.in
1375,57,286,Carpentry,Faridabad,2916,booked,2026-08-17T22:43:37.373892+00:00,Nisha Pandey,+916412262891,customer286@kaushalkonnect.in
1376,743,35,Plumbing,Gurugram,845,cancelled,2026-07-12T15:30:33.373892+00:00,Nisha Mehta,+916462424676,customer35@kaushalkonnect.in
1377,900,345,Appliance Repair,Delhi,2134,completed,2026-07-05T07:49:04.373892+00:00,Arnav Jain,+917137990400,customer345@kaushalkonnect.in
1378,369,592,Painting,Gurugram,1780,requested,2026-06-29T00:14:17.373892+00:00,Yogesh Kumar,+916853460818,customer592@kaushalkonnect.in
1379,57,401,Carpentry,Gurugram,1810,completed,2026-09-03T00:16:13.373892+00:00,Sachin Thakur,+917942075259,customer401@kaushalkonnect.in
1380,858,267,Carpentry,Faridabad,2585,booked,2026-06-29T05:57:37.373892+00:00,Vivek Chauhan,+919825208972,customer267@kaushalkonnect.in
1381,164,430,Home Cleaning,Gurugram,815,booked,2026-08-20T01:43:31.373892+00:00,Divya Sood,+916345412247,customer430@kaushalkonnect.in
1382,908,84,Appliance Repair,Gurugram,1930,completed,2026-07-03T01:32:21.373892+00:00,Sachin Ali,+917690825404,customer84@kaushalkonnect.in
1383,31,351,Carpentry,Gurugram,1892,requested,2026-07-07T01:24:58.373892+00:00,Akash Pandey,+918198716874,customer351@kaushalkonnect.in
1384,429,278,Carpentry,Faridabad,1783,booked,2026-07-20T16:05:55.373892+00:00,Meera Shah,+917439890077,customer278@kaushalkonnect.in
1385,888,111,Painting,Faridabad,1139,requested,2026-09-02T04:44:37.373892+00:00,Bhavna Jain,+918614507171,customer111@kaushalkonnect.in
1386,687,585,Painting,Delhi,2021,booked,2026-09-04T21:47:19.373892+00:00,Aman Patel,+918996577236,customer585@kaushalkonnect.in
1387,866,577,Painting,Ghaziabad,822,requested,2026-07-05T03:32:44.373892+00:00,Neeraj Malhotra,+917480646124,customer577@kaushalkonnect.in
1388,537,138,Painting,Delhi,1028,booked,2026-06-27T10:37:25.373892+00:00,Ankit Pandey,+917385692520,customer138@kaushalkonnect.in
1389,43,269,Plumbing,Delhi,970,requested,2026-08-16T05:47:15.373892+00:00,Suraj Kohli,+917917028496,customer269@kaushalkonnect.in
1390,388,526,Plumbing,Delhi,1719,booked,2026-08-22T21:35:58.373892+00:00,Manish Saini,+918561231668,customer526@kaushalkonnect.in
1391,435,216,Home Cleaning,Noida,860,completed,2026-06-26T12:15:34.373892+00:00,Mohit Rao,+918547854797,customer216@kaushalkonnect.in
1392,412,114,Carpentry,Ghaziabad,2155,booked,2026-08-10T09:18:59.373892+00:00,Shreya Chaudhary,+918253113101,customer114@kaushalkonnect.in
1393,267,130,Electrical,Noida,2006,cancelled,2026-08-20T17:55:48.373892+00:00,Neha Saini,+918359561404,customer130@kaushalkonnect.in
1394,610,153,Electrical,Ghaziabad,1488,booked,2026-08-23T11:57:41.373892+00:00,Rohit Rana,+919554397259,customer153@kaushalkonnect.in
1395,437,89,Painting,Noida,1595,requested,2026-08-10T00:35:21.373892+00:00,Ayush Das,+918619800391,customer89@kaushalkonnect.in
1396,506,197,Painting,Gurugram,1742,completed,2026-07-22T22:33:49.373892+00:00,Vikram Jain,+916471203455,customer197@kaushalkonnect.in
1397,1002,11,Home Cleaning,Gurugram,500,booked,2026-08-08T16:43:14.373892+00:00,Suman Shah,+919246399829,customer11@kaushalkonnect.in
1398,374,209,Electrical,Greater Noida,663,booked,2026-08-04T15:23:34.373892+00:00,Suraj Dutta,+918715689250,customer209@kaushalkonnect.in
1399,957,527,Carpentry,Delhi,800,completed,2026-08-13T06:16:41.373892+00:00,Anil Khan,+917459392776,customer527@kaushalkonnect.in
1400,117,508,Plumbing,Gurugram,1319,booked,2026-06-17T07:56:15.373892+00:00,Pooja Sheikh,+919301403601,customer508@kaushalkonnect.in
1401,112,165,Home Cleaning,Delhi,1398,requested,2026-06-23T17:15:22.373892+00:00,Sachin Saini,+917692881628,customer165@kaushalkonnect.in
1402,710,582,Home Cleaning,Greater Noida,851,rejected,2026-06-14T00:22:25.373892+00:00,Suman Mishra,+917801734373,customer582@kaushalkonnect.in
1403,560,229,Painting,Noida,1758,completed,2026-06-26T08:58:46.373892+00:00,Vinay Gupta,+919808314953,customer229@kaushalkonnect.in
1404,297,273,Appliance Repair,Greater Noida,2828,booked,2026-08-04T11:00:36.373892+00:00,Deepika Sood,+918326728572,customer273@kaushalkonnect.in
1405,480,342,Electrical,Faridabad,1939,requested,2026-07-07T15:30:30.373892+00:00,Dev Saxena,+917004024554,customer342@kaushalkonnect.in
1406,294,151,Plumbing,Delhi,1396,requested,2026-08-12T09:16:33.373892+00:00,Ankit Srivastava,+918845903622,customer151@kaushalkonnect.in
1407,775,534,Plumbing,Delhi,914,booked,2026-07-29T06:53:17.373892+00:00,Riya Ghosh,+916843725341,customer534@kaushalkonnect.in
1408,289,427,Painting,Gurugram,1668,booked,2026-06-18T13:37:39.373892+00:00,Aditi Kumar,+917161978607,customer427@kaushalkonnect.in
1409,842,31,Carpentry,Delhi,1970,requested,2026-07-04T10:06:02.373892+00:00,Vikram Rawat,+919958279216,customer31@kaushalkonnect.in
1410,840,286,Home Cleaning,Faridabad,852,completed,2026-07-15T15:58:40.373892+00:00,Nisha Pandey,+916412262891,customer286@kaushalkonnect.in
1411,605,198,Carpentry,Delhi,1239,booked,2026-08-18T11:15:47.373892+00:00,Siddharth Das,+919621971816,customer198@kaushalkonnect.in
1412,869,282,Electrical,Gurugram,1195,completed,2026-06-18T09:21:39.373892+00:00,Isha Saxena,+918905967132,customer282@kaushalkonnect.in
1413,108,497,Painting,Faridabad,1011,completed,2026-08-11T08:26:11.373892+00:00,Dev Negi,+919059434779,customer497@kaushalkonnect.in
1414,260,327,Home Cleaning,Gurugram,664,requested,2026-08-21T09:41:38.373892+00:00,Isha Rao,+916865397947,customer327@kaushalkonnect.in
1415,893,224,Home Cleaning,Noida,1084,completed,2026-07-15T23:54:49.373892+00:00,Ravi Joshi,+916530706667,customer224@kaushalkonnect.in
1416,462,210,Carpentry,Greater Noida,2139,completed,2026-09-08T03:59:45.373892+00:00,Aarav Mehta,+917640568611,customer210@kaushalkonnect.in
1417,778,580,Appliance Repair,Delhi,1941,cancelled,2026-06-12T22:51:00.373892+00:00,Sunil Joshi,+917897735260,customer580@kaushalkonnect.in
1418,554,144,Carpentry,Delhi,2379,booked,2026-07-31T21:03:49.373892+00:00,Kavita Malhotra,+918932456218,customer144@kaushalkonnect.in
1419,786,569,Carpentry,Ghaziabad,1320,completed,2026-08-07T05:28:57.373892+00:00,Mohit Verma,+916634993059,customer569@kaushalkonnect.in
1420,245,450,Home Cleaning,Ghaziabad,950,completed,2026-07-13T15:19:32.373892+00:00,Neeraj Agarwal,+918470253822,customer450@kaushalkonnect.in
1421,330,359,Painting,Noida,1697,cancelled,2026-06-23T21:09:41.373892+00:00,Naman Thakur,+918857452602,customer359@kaushalkonnect.in
1422,708,268,Home Cleaning,Gurugram,987,booked,2026-08-06T05:22:17.373892+00:00,Sameer Yadav,+918884991923,customer268@kaushalkonnect.in
1423,980,114,Painting,Ghaziabad,1975,completed,2026-07-30T01:22:18.373892+00:00,Shreya Chaudhary,+918253113101,customer114@kaushalkonnect.in
1424,706,581,Home Cleaning,Gurugram,866,booked,2026-09-07T10:03:51.373892+00:00,Aditi Dutta,+918797914481,customer581@kaushalkonnect.in
1425,194,2,Electrical,Delhi,600,cancelled,2026-08-13T06:11:11.373892+00:00,Gaurav Rawat,+916076029990,customer2@kaushalkonnect.in
1426,126,253,Electrical,Gurugram,1311,rejected,2026-07-24T14:51:07.373892+00:00,Meera Saxena,+919879003185,customer253@kaushalkonnect.in
1427,25,566,Painting,Delhi,1454,completed,2026-08-29T11:47:10.373892+00:00,Shreya Bhardwaj,+918177414061,customer566@kaushalkonnect.in
1428,527,69,Home Cleaning,Delhi,741,booked,2026-07-06T23:58:48.373892+00:00,Sachin Das,+919590159232,customer69@kaushalkonnect.in
1429,125,259,Electrical,Gurugram,1049,completed,2026-08-29T18:19:15.373892+00:00,Akash Chaudhary,+917819242275,customer259@kaushalkonnect.in
1430,790,245,Painting,Ghaziabad,1620,completed,2026-07-29T13:57:55.373892+00:00,Rohit Sood,+917726232735,customer245@kaushalkonnect.in
1431,136,167,Plumbing,Noida,1577,completed,2026-08-05T08:42:39.373892+00:00,Naman Bansal,+919290222030,customer167@kaushalkonnect.in
1432,58,462,Carpentry,Faridabad,1738,booked,2026-08-10T01:37:33.373892+00:00,Riya Mehta,+918711053674,customer462@kaushalkonnect.in
1433,621,152,Painting,Gurugram,1257,booked,2026-06-13T02:14:35.373892+00:00,Divya Dutta,+916550153662,customer152@kaushalkonnect.in
1434,776,204,Painting,Delhi,1193,cancelled,2026-08-11T16:18:45.373892+00:00,Rakesh Mishra,+918137619980,customer204@kaushalkonnect.in
1435,236,308,Electrical,Delhi,600,booked,2026-08-07T17:51:13.373892+00:00,Anil Bisht,+918905824524,customer308@kaushalkonnect.in
1436,813,96,Appliance Repair,Noida,1983,booked,2026-08-29T08:37:04.373892+00:00,Aman Gupta,+916403387491,customer96@kaushalkonnect.in
1437,46,365,Carpentry,Greater Noida,1312,booked,2026-09-05T06:49:28.373892+00:00,Shreya Reddy,+919856728384,customer365@kaushalkonnect.in
1438,5,414,Painting,Gurugram,2436,requested,2026-09-08T21:16:31.373892+00:00,Rahul Negi,+918662475632,customer414@kaushalkonnect.in
1439,751,514,Electrical,Delhi,1245,requested,2026-08-23T00:10:05.373892+00:00,Kavita Rana,+918899280776,customer514@kaushalkonnect.in
1440,405,418,Carpentry,Delhi,1568,requested,2026-06-19T08:35:16.373892+00:00,Vinay Srivastava,+919267599617,customer418@kaushalkonnect.in
1441,873,427,Carpentry,Gurugram,1853,booked,2026-08-07T08:01:07.373892+00:00,Aditi Kumar,+917161978607,customer427@kaushalkonnect.in
1442,984,21,Appliance Repair,Faridabad,1815,completed,2026-06-25T08:10:06.373892+00:00,Naman Ansari,+918834023769,customer21@kaushalkonnect.in
1443,856,123,Appliance Repair,Noida,2091,completed,2026-09-01T12:47:48.373892+00:00,Deepika Ghosh,+918068536725,customer123@kaushalkonnect.in
1444,178,416,Carpentry,Gurugram,1633,booked,2026-07-28T19:13:46.373892+00:00,Karan Naidu,+919385092003,customer416@kaushalkonnect.in
1445,533,271,Home Cleaning,Delhi,716,requested,2026-07-05T17:09:44.373892+00:00,Nisha Das,+917283710874,customer271@kaushalkonnect.in
1446,589,331,Home Cleaning,Greater Noida,609,booked,2026-06-19T21:57:13.373892+00:00,Nisha Malhotra,+919455509459,customer331@kaushalkonnect.in
1447,878,20,Electrical,Noida,672,rejected,2026-08-13T02:42:55.373892+00:00,Gaurav Kohli,+918577594617,customer20@kaushalkonnect.in
1448,69,99,Home Cleaning,Delhi,855,completed,2026-07-30T22:46:50.373892+00:00,Ananya Negi,+918751410886,customer99@kaushalkonnect.in
1449,590,302,Electrical,Greater Noida,681,requested,2026-07-29T14:33:12.373892+00:00,Yogesh Khanna,+916508934349,customer302@kaushalkonnect.in
1450,851,551,Plumbing,Faridabad,1264,requested,2026-07-02T00:16:45.373892+00:00,Isha Bhardwaj,+917180987106,customer551@kaushalkonnect.in
1451,135,381,Electrical,Delhi,693,completed,2026-06-13T16:46:46.373892+00:00,Gaurav Shah,+918155868243,customer381@kaushalkonnect.in
1452,497,365,Painting,Greater Noida,1203,cancelled,2026-08-26T06:52:18.373892+00:00,Shreya Reddy,+919856728384,customer365@kaushalkonnect.in
1453,169,469,Carpentry,Gurugram,2431,completed,2026-09-02T08:46:38.373892+00:00,Priya Bhatia,+917178690535,customer469@kaushalkonnect.in
1454,780,426,Carpentry,Faridabad,1950,completed,2026-06-12T16:57:37.373892+00:00,Rahul Kumar,+918620803554,customer426@kaushalkonnect.in
1455,836,575,Electrical,Delhi,619,requested,2026-08-16T03:34:54.373892+00:00,Pradeep Malhotra,+916464688893,customer575@kaushalkonnect.in
1456,782,243,Plumbing,Delhi,1653,booked,2026-08-25T04:06:58.373892+00:00,Simran Patel,+916190863624,customer243@kaushalkonnect.in
1457,204,456,Carpentry,Gurugram,1215,requested,2026-07-25T01:25:20.373892+00:00,Pradeep Rana,+919011963081,customer456@kaushalkonnect.in
1458,919,404,Home Cleaning,Delhi,676,booked,2026-07-28T16:54:04.373892+00:00,Pradeep Reddy,+919225248629,customer404@kaushalkonnect.in
1459,200,36,Appliance Repair,Faridabad,2026,cancelled,2026-06-18T19:22:00.373892+00:00,Sachin Dutta,+919322371606,customer36@kaushalkonnect.in
1460,552,174,Carpentry,Delhi,2208,requested,2026-08-03T11:41:26.373892+00:00,Manish Yadav,+919198655907,customer174@kaushalkonnect.in
1461,223,585,Painting,Delhi,1821,completed,2026-07-29T12:27:30.373892+00:00,Aman Patel,+918996577236,customer585@kaushalkonnect.in
1462,339,484,Painting,Gurugram,1660,completed,2026-08-26T10:54:20.373892+00:00,Kavita Ali,+916191889633,customer484@kaushalkonnect.in
1463,133,36,Electrical,Faridabad,2725,requested,2026-08-08T01:59:31.373892+00:00,Sachin Dutta,+919322371606,customer36@kaushalkonnect.in
1464,886,208,Appliance Repair,Greater Noida,2554,booked,2026-07-06T11:11:20.373892+00:00,Suman Khan,+916961648955,customer208@kaushalkonnect.in
1465,723,452,Carpentry,Delhi,2665,requested,2026-07-12T07:11:36.373892+00:00,Suraj Malhotra,+916400492888,customer452@kaushalkonnect.in
1466,224,554,Appliance Repair,Delhi,1469,booked,2026-08-13T01:39:01.373892+00:00,Akash Kumar,+919143990412,customer554@kaushalkonnect.in
1467,140,142,Painting,Delhi,1758,rejected,2026-06-22T05:45:42.373892+00:00,Deepak Negi,+916885031394,customer142@kaushalkonnect.in
1468,507,236,Carpentry,Delhi,1172,booked,2026-06-19T03:00:03.373892+00:00,Sonam Malhotra,+918250489029,customer236@kaushalkonnect.in
1469,975,38,Appliance Repair,Noida,1616,requested,2026-07-31T09:20:04.373892+00:00,Vivek Khanna,+916955463077,customer38@kaushalkonnect.in
1470,453,209,Home Cleaning,Greater Noida,1114,completed,2026-08-15T08:15:42.373892+00:00,Suraj Dutta,+918715689250,customer209@kaushalkonnect.in
1471,750,12,Appliance Repair,Delhi,3284,completed,2026-06-22T05:45:33.373892+00:00,Shreya Gupta,+919757368839,customer12@kaushalkonnect.in
1472,240,333,Plumbing,Gurugram,1394,completed,2026-08-27T13:12:31.373892+00:00,Sachin Tripathi,+917650036856,customer333@kaushalkonnect.in
1473,876,450,Appliance Repair,Ghaziabad,2310,rejected,2026-06-28T12:21:37.373892+00:00,Neeraj Agarwal,+918470253822,customer450@kaushalkonnect.in
1474,901,296,Painting,Ghaziabad,1712,completed,2026-08-17T23:10:05.373892+00:00,Aman Tiwari,+916000413354,customer296@kaushalkonnect.in
1475,781,17,Carpentry,Noida,2391,completed,2026-08-10T10:47:05.373892+00:00,Kavita Patel,+919950452761,customer17@kaushalkonnect.in
1476,828,572,Painting,Delhi,1777,cancelled,2026-07-14T02:06:34.373892+00:00,Arnav Menon,+916729581437,customer572@kaushalkonnect.in
1477,330,404,Painting,Delhi,1563,cancelled,2026-07-18T07:32:58.373892+00:00,Pradeep Reddy,+919225248629,customer404@kaushalkonnect.in
1478,245,117,Home Cleaning,Delhi,749,cancelled,2026-09-05T10:49:31.373892+00:00,Karan Das,+916631610690,customer117@kaushalkonnect.in
1479,730,341,Appliance Repair,Noida,2680,requested,2026-06-18T11:26:52.373892+00:00,Yogesh Joshi,+919233980532,customer341@kaushalkonnect.in
1480,26,356,Home Cleaning,Gurugram,886,completed,2026-07-19T19:44:42.373892+00:00,Ravi Verma,+919829809347,customer356@kaushalkonnect.in
1481,39,287,Electrical,Noida,1106,completed,2026-06-24T16:06:27.373892+00:00,Ankit Kumar,+919225150759,customer287@kaushalkonnect.in
1482,554,287,Carpentry,Noida,2100,completed,2026-09-03T03:14:20.373892+00:00,Ankit Kumar,+919225150759,customer287@kaushalkonnect.in
1483,156,286,Painting,Faridabad,2856,completed,2026-06-28T20:21:20.373892+00:00,Nisha Pandey,+916412262891,customer286@kaushalkonnect.in
1484,624,552,Plumbing,Faridabad,1026,requested,2026-08-10T19:08:32.373892+00:00,Pooja Mehta,+919234241091,customer552@kaushalkonnect.in
1485,937,277,Electrical,Delhi,995,booked,2026-08-03T16:15:52.373892+00:00,Sameer Verma,+916802172824,customer277@kaushalkonnect.in
1486,464,270,Electrical,Gurugram,648,booked,2026-06-20T22:49:12.373892+00:00,Siddharth Roy,+918355381332,customer270@kaushalkonnect.in
1487,798,125,Appliance Repair,Gurugram,700,completed,2026-07-20T07:02:46.373892+00:00,Nisha Menon,+919537475982,customer125@kaushalkonnect.in
1488,491,577,Carpentry,Ghaziabad,1134,rejected,2026-06-27T07:52:44.373892+00:00,Neeraj Malhotra,+917480646124,customer577@kaushalkonnect.in
1489,689,113,Appliance Repair,Gurugram,907,booked,2026-07-17T03:19:36.373892+00:00,Anjali Menon,+917971583759,customer113@kaushalkonnect.in
1490,835,542,Painting,Ghaziabad,1861,cancelled,2026-08-29T06:42:27.373892+00:00,Suman Kohli,+919228918772,customer542@kaushalkonnect.in
1491,544,521,Carpentry,Faridabad,1534,completed,2026-09-02T09:27:19.373892+00:00,Akash Kohli,+918199179734,customer521@kaushalkonnect.in
1492,25,554,Painting,Delhi,1524,requested,2026-07-22T16:08:56.373892+00:00,Akash Kumar,+919143990412,customer554@kaushalkonnect.in
1493,247,509,Plumbing,Delhi,1206,completed,2026-07-13T22:47:59.373892+00:00,Sanjay Kohli,+917342320635,customer509@kaushalkonnect.in
1494,762,169,Electrical,Noida,1104,completed,2026-08-17T03:50:48.373892+00:00,Pradeep Verma,+916030661833,customer169@kaushalkonnect.in
1495,277,404,Electrical,Delhi,2481,completed,2026-06-13T19:41:30.373892+00:00,Pradeep Reddy,+919225248629,customer404@kaushalkonnect.in
1496,214,178,Plumbing,Ghaziabad,1312,booked,2026-08-20T12:11:21.373892+00:00,Shivam Patel,+917897294590,customer178@kaushalkonnect.in
1497,185,99,Plumbing,Delhi,1406,booked,2026-09-03T12:14:12.373892+00:00,Ananya Negi,+918751410886,customer99@kaushalkonnect.in
1498,479,186,Appliance Repair,Delhi,1640,completed,2026-07-26T22:25:32.373892+00:00,Suman Saini,+918148514144,customer186@kaushalkonnect.in
1499,27,573,Appliance Repair,Delhi,1152,booked,2026-06-14T01:08:39.373892+00:00,Kunal Tiwari,+917368316458,customer573@kaushalkonnect.in
1500,692,160,Carpentry,Gurugram,936,completed,2026-08-29T03:35:13.373892+00:00,Vivek Bansal,+916873628263,customer160@kaushalkonnect.in
